Index	timel_id	timel_label
1	tm-22v2fsax	Joseph interprétant le songe du panetier
2	tm-23h9wqfr	hérisson
3	tm-25fjujvw	château
4	tm-2645zjsy	moustique
5	tm-26uybhrd	juin
6	tm-2a3ngumt	anatomie
7	tm-2aruloqn	tables de la loi
8	tm-2axbwbse	balance
9	tm-2az2zdim	mortier
10	tm-2b3l84rp	infirmité
11	tm-2b7eqynw	béquille
12	tm-2b8xmpjy	quenouille
13	tm-2cazuhtm	saint Jean-Baptiste au désert
14	tm-2eanywln	flagellation
15	tm-2ege92tc	Rachel
16	tm-2exx3nyn	forêt
17	tm-2gz3ome5	déchaussement
18	tm-2hj88ywc	vitrail
19	tm-2iveqmib	Christ guérissant un aveugle
20	tm-2jotucyd	prêtres juifs payant trente deniers à Judas
21	tm-2ngblxkg	tentation d'Ève
22	tm-2oodgogd	os
23	tm-2qys4tcp	sainte Radegonde demandant à saint Médard d'être ordonnée diaconesse
24	tm-2r29cbk9	dromadaire
25	tm-2r5rz84v	Samson massacrant les Philistins
26	tm-2s5gwnty	David ramenant l'arche d'alliance à Jérusalem
27	tm-2scvmdnl	Isaac
28	tm-2sf47qwt	saint Joachim parmi ses bergers
29	tm-2tegbe8v	Moïse et Aaron devant Pharaon
30	tm-2ujduhzq	prière
31	tm-2vmkezkb	tigresse
32	tm-2vrdkjdj	sainte Claire
33	tm-2vzflzsk	saisie
34	tm-2x7j3qqn	firmament
35	tm-2y7hhu4n	septième sceau de l'Apocalypse : remise des trompettes
36	tm-2yg3sxab	Noé plantant la vigne
37	tm-2ysishyt	Trinité
38	tm-2yxgzs5v	arche d'alliance provoquant la chute de l'idole de Dagôn
39	tm-33zaykh4	annonce de la naissance de Samson
40	tm-37lzc4pg	saint Gordien
41	tm-3apyajir	saint Matthieu
42	tm-3auebscx	saint Saturnin
43	tm-3axmqq3f	sommeil
44	tm-3bah7m4l	empalement
45	tm-3btedt8z	saint Louis
46	tm-3cwztnof	rencontre de Jephté et de sa fille
47	tm-3cxxqv3w	roi d'Angleterre
48	tm-3ftivymv	ange déversant la troisième coupe de l'Apocalypse
49	tm-3gb7g9ys	jouet
50	tm-3gndnbss	constellation-aigle
51	tm-3hrg82bk	strangulation
52	tm-3izqj8vs	saint Denis
53	tm-3jeebfhf	testament
54	tm-3jv6cemc	annonce
55	tm-3kaurvkz	bœuf
56	tm-3kczc5ye	pierre
57	tm-3kiuk3sx	saint François
58	tm-3kn3vbga	grillon
59	tm-3koyy86t	scribe
60	tm-3kvmnef3	Christ ressuscitant le fils de la veuve
61	tm-3kzukhek	coupe (découpe)
62	tm-3lqx79ek	anthropophagie
63	tm-3nyp6xhe	élévation
64	tm-3puuk37w	miracle
65	tm-3qdycw5m	sel
66	tm-3qhxrzwt	escargot
67	tm-3r3s7buw	tente
68	tm-3rgqvh52	prise d'Aï
69	tm-3scxxi86	ascension
70	tm-3stc2xrs	Esther
71	tm-3tmpspdf	ange jetant une meule dans la mer
72	tm-3tzvb5bx	sacrifice
73	tm-3ursbqhe	Philippe III le Hardi
74	tm-3yixhvxy	crocodile
75	tm-3yxvrcld	Nausicaa
76	tm-3zusjn7x	Lot
77	tm-43nkeriq	châtiment
78	tm-43udj4c9	Noémi pleurant la mort de ses deux fils
79	tm-44tchgzn	ange déversant la cinquième coupe de l'Apocalypse
80	tm-452nz6hi	empereur romain
81	tm-45ugdotw	saisons
82	tm-46vpxk7j	psaume 1 : David et quatre musiciens
83	tm-47mzyjde	assemblée
84	tm-47pji73j	Tristesse
85	tm-47sxkw7x	lavement des mains
86	tm-48fnf2gb	Aman
87	tm-49zabkhk	échange
88	tm-4a7uh6qs	casque
89	tm-4ajlkedn	odorat
90	tm-4cwcjdbv	monstre
91	tm-4g8f6x2f	voyage des mages
92	tm-4gx4men5	astronome
93	tm-4i6tpwwx	vice
94	tm-4jwrkf8b	sainte Clotilde
95	tm-4jyoccun	Mikal et le simulacre placé dans le lit de David
96	tm-4kms3fck	transfiguration du Christ
97	tm-4mpugsew	consécration
98	tm-4myuqnh9	Benjamin
99	tm-4n9dhqcc	Golgotha
100	tm-4nhbkkwg	patte
101	tm-4nnpnvsv	Jacob bénissant ses douze fils
102	tm-4nr59j6z	promesse
103	tm-4ns7rt97	Asher
104	tm-4ntpg6tr	caresse
105	tm-4pk33pw5	visitation
106	tm-4pmzruvx	songe des mages
107	tm-4q47xvrb	Vierge à l'enfant trônant
108	tm-4qv83zni	Jaïre
109	tm-4rumofsz	rencontre d'Isaac et Rébecca
110	tm-4rxexrxt	Joseph retenant Benjamin
111	tm-4sgatl2w	hérétique
112	tm-4sgiq5ta	prêtres de Baal adorant leur dieu
113	tm-4tv8zopm	évanouissement
114	tm-4uoz3zkr	ascension d'Élie
115	tm-4vajpfxn	Vénus
116	tm-4vdm8h4n	évangélistes-4 zoomorphes et anges
117	tm-4vlzrw68	saint Jean et les sept Églises
118	tm-4vqti4pb	ange de Laodicée
119	tm-4xs5gdsx	Christ guérissant la belle-mère de saint Pierre
120	tm-4xxwfoco	incrédulité de saint Thomas
121	tm-4yej7vh6	Jephté
122	tm-53zhbojl	Moïse faisant jaillir une source
123	tm-54ta2ywh	zodiaque-lion
124	tm-57ewpq6e	Christ en gloire tenant le livre
125	tm-57k3cc22	potence
126	tm-58c7rbhg	stigmate
127	tm-59lgwa9m	chien
128	tm-59thfn9l	saint Paul sur le chemin de Damas
129	tm-5adgngxc	Judas
130	tm-5bpqktou	fil
131	tm-5c7ewzwj	haubert
132	tm-5crxzpyf	Nicodème
133	tm-5dmlupxd	moly
134	tm-5dputu2a	Roland
135	tm-5f2s36gq	tentation
136	tm-5fiicb7t	Palamède
137	tm-5fqybabk	sainte Scholastique
138	tm-5gbulasw	Clovis II
139	tm-5gjvpmms	Patrocle
140	tm-5gmtmggb	Abishag
141	tm-5gpvj6dc	dent
142	tm-5hvwegr7	verge fleurie d'Aaron
143	tm-5ivdhi8k	clochettes
144	tm-5jg8hsea	chou
145	tm-5k7jsvqx	cavalier
146	tm-5l4dcc7j	ange déversant la sixième coupe de l'Apocalypse
147	tm-5ndjmfk5	bourrache
148	tm-5nmticmy	Clio
149	tm-5os6cdzk	chrisme
150	tm-5qfwotwg	boucherie
151	tm-5qhzwcxt	fin du déluge universel
152	tm-5s2rrawb	trèfle
153	tm-5s86xi47	Moïse sauvé des eaux
154	tm-5sncsgxp	obéissance
155	tm-5tzu56hh	saint Thomas d'Aquin
156	tm-5uq92ncc	Henri III le Noir
157	tm-5vghyucs	architecture
158	tm-5vuzcmut	poule
159	tm-5wewu4o5	sacristain
160	tm-5xjmovwd	Vierge à l'enfant
161	tm-62uxp3sk	saint Côme
162	tm-64nanm9z	frères de Joseph
163	tm-66fhh79g	coquillage
164	tm-68v9gqej	église-intérieure
165	tm-6abhlhga	esclave
166	tm-6bgkyjc2	vieillard
167	tm-6de3yw3m	ordination
168	tm-6dqqjsez	aigle
169	tm-6drqp5ul	Gédéon détruisant l'autel de Baal
170	tm-6e2phb7g	sainte Thècle
171	tm-6evgbajm	Christ guérissant le serviteur du centurion
172	tm-6fa63hni	Emmaüs
173	tm-6hky3xqz	Chantecler
174	tm-6htyffpp	mouton
175	tm-6iqapxtb	tour de Babel (sujet)
176	tm-6ix4awwp	princesse
177	tm-6jfbogqc	cistercien
178	tm-6kdue7cy	vielle
179	tm-6kivvm4c	peigne
180	tm-6kxh2djb	Jézabel
181	tm-6lz4qnes	herse
182	tm-6m58szyh	épouse
183	tm-6m8nrco5	nudité
184	tm-6mma2z64	Caïphe
185	tm-6mygoc5b	Élisée
186	tm-6ndyhze8	désert
187	tm-6njpgskc	mois
188	tm-6nqxszjv	archange
189	tm-6pbjxilu	feu
190	tm-6ptkaynj	libération
191	tm-6qsa64rd	surdité
192	tm-6raxmenr	Romulus
193	tm-6rejnt8s	Gédéon
194	tm-6s5yzbfu	Cicéron
195	tm-6s8dmkhv	Caïn
196	tm-6sasmtwe	hallebarde
197	tm-6sfwxytt	chemin
198	tm-6tprpg7l	corneille
199	tm-6txlrdz9	psaume 53 : fou devant David
200	tm-6u6wwwq9	clé
201	tm-6utgjyks	roi de France
202	tm-6v4cwd8i	bateau
203	tm-6vklquup	cheveux
204	tm-6whmakup	force
205	tm-6x5rg9rn	noces de Cana
206	tm-6xfensro	apparition du Christ aux apôtres
207	tm-6xgzx8tx	vin
208	tm-6ynfsnnf	tapis
209	tm-6zd4idxk	saint Pierre délivré par un ange
210	tm-6zedxgo8	oreille
211	tm-73dgafhn	Élie prédisant la mort d'Ochozias
212	tm-74bqai4h	bain de Bethsabée
213	tm-74mybxqv	rencontre de Jacob et Esaü
214	tm-77fuu38c	incrédulité
215	tm-79hdsjl7	moine
216	tm-79v9wvad	pesée
217	tm-7advce4a	cierge
218	tm-7amuj3uk	saint Jean mangeant le livre
219	tm-7autcna3	refus
220	tm-7axvtrsz	serviteur
221	tm-7cepwpbx	Putiphar
222	tm-7cydhehh	maquette
223	tm-7digi8ww	grain
224	tm-7e4p9cts	artisanat
225	tm-7frm9s7g	boire
226	tm-7gdozs5b	aliment
227	tm-7gfaxemg	saint Médard
228	tm-7gskhvj6	massacre
229	tm-7hj96kxd	canon
230	tm-7hkxjhwy	Osée
231	tm-7hywljpa	exhibition
232	tm-7jk54ia5	Pégase
233	tm-7jzui6ew	reddition
234	tm-7kvo2rfk	élection
235	tm-7mhxread	meunerie
236	tm-7myenwmy	sciapode
237	tm-7n939ypc	fuite de Jacob
238	tm-7nclujas	acrobatie
239	tm-7pcemhvf	gouffre
240	tm-7qal9wnf	tissu
241	tm-7qbqnf6a	filet
242	tm-7qe7ytbb	sainte Paule
243	tm-7re7htbt	veau d'or
244	tm-7rgib6x2	David vainqueur de Goliath
245	tm-7rmgbyax	fille de Jephté
246	tm-7schjv64	globe
247	tm-7scx5zmd	sauterelle
248	tm-7uakebbj	Nemrod
249	tm-7vezukpg	perte
250	tm-7vfxca2l	caladre
251	tm-7vjymwfu	zodiaque-vierge
252	tm-7vtatr6n	marteau
253	tm-7vxqehgi	Église (personnifications et allégories)
254	tm-7xstbjbw	éclipse
255	tm-7yiypfvv	éléphant
256	tm-7ys2bh8w	peur
257	tm-7z9fuldk	Magog
258	tm-7zfr2qhh	moisson
259	tm-82jgnd53	charogne
260	tm-83sewwqm	Myriam
261	tm-85kszhc5	tempérance
262	tm-85pvjusa	saint Luc zoomorphe
263	tm-87an9pkp	géant
264	tm-88nesjbd	Charles III le Gros
265	tm-8ae836qz	Dieu confiant la mission à l'ange
266	tm-8aigj3dk	humilité
267	tm-8cmdbbjm	hostie
268	tm-8dmkexbg	saint Louis de Toulouse
269	tm-8ejzcbfo	mutisme
270	tm-8gfecl6e	noisette
271	tm-8hessi6j	irrigation
272	tm-8hfabpqg	Christ en croix
273	tm-8jhra4xc	morsure
274	tm-8kr49xn5	saint Hilaire
275	tm-8mfatdrx	Judith exhibant la tête d'Holopherne
276	tm-8mi3hnux	repose-pieds
277	tm-8nvubyfc	saint Laurent
278	tm-8oejwaxu	orgueil
279	tm-8pke6ulo	arma christi
280	tm-8pqoc42y	saint Georges combattant le dragon
281	tm-8rthmzf2	puisage
282	tm-8ruiwgvg	excrément
283	tm-8sfjsdea	Henri II le Saint
284	tm-8sl9qnaa	tamis
285	tm-8sp9kptm	trahison
286	tm-8speykke	saint Dominique
287	tm-8v4yecyx	fenêtre
288	tm-8wrkhex2	creusement
289	tm-8wzhnyzg	salutation
290	tm-8xpcgfrz	abreuvoir
291	tm-8zfuubny	Joseph
292	tm-8zyq8qe4	reproche
293	tm-92cpismn	vomissement
294	tm-95cxkgzf	encens
295	tm-95xqmtvb	portement
296	tm-9787lyfe	Natan
297	tm-97nmcjou	maison
298	tm-97rwyhph	zodiaque-vierge (homme, animal, nature)
299	tm-99ppkbja	triomphe
300	tm-9a9dujbo	Dieu habillant Adam et Ève
301	tm-9abappcx	massacre des saints Innocents
302	tm-9bb7nbui	Joseph présentant son père et ses frères à Pharaon
303	tm-9dakjs3w	enseignement
304	tm-9duvwcxa	échanson
305	tm-9dznienk	cochon
306	tm-9eatbdmw	coupe (recipients et contenants)
307	tm-9evrhd3s	annonce de la défaite des hébreux au prêtre Eli
308	tm-9eyn7gsy	ivresse
309	tm-9eyptyf4	saints dormants d'Éphèse
310	tm-9f7oeyhm	infirme
311	tm-9ffbnugp	Anne mère de Samuel
312	tm-9fqffbjb	lèpre
313	tm-9fyuwtkd	saut
314	tm-9hdky5zn	saint Jacques le Mineur
315	tm-9hmxsz2v	parabole des vignerons homicides
316	tm-9hpfvphg	Convoitise
317	tm-9jawusvh	sainte Radegonde guérissant une moniale alitée
318	tm-9jhipl5d	révolte
319	tm-9jrocnc5	Jean II le Bon
320	tm-9kcpbnkw	chute de la prostituée de l'Apocalypse
321	tm-9kefvmxz	siège (meuble)
322	tm-9m32yx8r	saint Mamertin
323	tm-9nkvsuav	séisme
324	tm-9nmhlg7x	Daniel
325	tm-9orktf5u	hérésie
326	tm-9qdph5qm	saint Fursy
327	tm-9qehh5uq	Pétrarque
328	tm-9qkewtdn	fougère
329	tm-9qpypn73	tournoi
330	tm-9r9zbjzb	époux
331	tm-9sxknq7e	oblation
332	tm-9tyxjoj4	Argos
333	tm-9ug9xxrn	fourreau
334	tm-9unwq3m3	Cyrus
335	tm-9up2ktym	adoration de la Bête de l'Apocalypse
336	tm-9veagykw	sainte Anne
337	tm-9vvycktb	Samson actionnant la roue d'un moulin
338	tm-9x4gnbhy	habillage
339	tm-9xlqx6re	saint Martial
340	tm-9xtmearf	troisième trompette de l'Apocalypse : chute des étoiles
341	tm-9xx5qbaw	Robert II le Pieux
342	tm-9ya2tk5f	Judas rendant les trente deniers à Caïphe
343	tm-9yozg3mj	David bénissant Salomon
344	tm-a2eva4ic	famille
345	tm-a37kahq9	saint Jacques
346	tm-a3cjkim2	concile
347	tm-a3mmgcrd	pommier
348	tm-a3rvot36	jeu d'échecs
349	tm-a4e2yvvj	plaie d'Égypte : les sauterelles
350	tm-a4qe3hyp	intercession
351	tm-a4rmyibp	travestissement
352	tm-a6ktghrz	sceau
353	tm-a6ucn2ky	bourse
354	tm-a6ut7mcv	eucharistie
355	tm-a6yq7svh	fauve
356	tm-a7icthdj	roue de fortune
357	tm-a82fhexi	entrée du Christ à Jérusalem
358	tm-a8cfoc6l	renne
359	tm-a97g6ftf	catafalque
360	tm-a9mtjq4s	David épargnant Saül endormi
361	tm-a9yk99nk	Joseph et ses frères
362	tm-aat8dxzs	Asie
363	tm-aaxvunzs	olivier
364	tm-ab3fnk3a	repas d'Emmaüs
365	tm-abjvssgj	traite
366	tm-abn9gyzp	Hippocrate
367	tm-acklvhbw	prêle
368	tm-acpsxfaz	sceptre
369	tm-acvfhy77	nettoyage
370	tm-aczosojx	torture
371	tm-aesxkunb	agneau divin entouré des évangélistes zoomorphes
372	tm-aeutu5cw	pie
373	tm-aexfwruz	répudiation
374	tm-affowigy	brancard
375	tm-afod3vw5	fourmi
376	tm-afpogitj	Adam et Ève pleurant la mort d'Abel
377	tm-aid5ernz	Pyrame
378	tm-aixnsv7v	jeu
379	tm-ajcha64n	templier
380	tm-ak5dz7pj	Malebouche
381	tm-akyzisi9	zodiaque-scorpion
382	tm-al3fdp8r	saint Celse
383	tm-aluq87zb	transport
384	tm-alzikv8y	Pilate se lavant les mains
385	tm-amckgh7c	collier
386	tm-ammxjerv	plaidoirie
387	tm-anhprvfy	saint Martin partageant son manteau
388	tm-anhzraqq	Esprit-Saint
389	tm-anlidr2a	rencontre d'Abraham et de Melchisédech
390	tm-anyjy4wq	scène de chasse
391	tm-ao9wtg4s	apparition
392	tm-aojeyz8g	taille de la pierre
393	tm-aovfxbwf	meurtre
394	tm-appmqbc3	Christ ressuscitant saint Lazare
395	tm-apxwvmr5	course
396	tm-aq5jzudw	saint Isidore de Séville
397	tm-aqdupgxp	Éthiopien
398	tm-aqgtjjdr	iris
399	tm-arucxokb	Joseph interprétant le songe de Pharaon
400	tm-ary7bw5a	seps
401	tm-aslmkhsp	arrestation du christ
402	tm-asrbjgwa	bijou
403	tm-aswtwg4r	cymbale
404	tm-at8mwwng	foin
405	tm-at9kh4kv	aubergiste
406	tm-atex2yjb	Saül assistant au sacrifice de Samuel
407	tm-au7bpxvz	Hérode
408	tm-aubzcstb	trépied
409	tm-auhtguzf	saint Pierre martyr
410	tm-auuaj3db	mer Rouge
411	tm-av3tkof3	lionne
412	tm-avhnvyeu	pêche
413	tm-avi9typa	plaie d'Égypte : les ulcères
414	tm-avx5mgyq	pioche
415	tm-aw3thpvl	lapidation des deux vieillards jugés par Daniel
416	tm-awbuxkxe	remplissage
417	tm-awcwfwri	rivière
418	tm-awgxmwxr	goût
419	tm-ax5covei	Gédéon et le miracle de la toison
420	tm-axcjp8jc	Salomon enseignant
421	tm-axlasatl	funérailles d'Abner
422	tm-axngdmrx	cinquième sceau de l'Apocalypse : âmes des martyrs sous l'autel
423	tm-ayc3fog7	stigmatisation
424	tm-ayqdzcvr	empoisonnement
425	tm-aztf9mvn	saint Jean écrivant
426	tm-azyfajsn	scarabée
427	tm-b2luww6n	zodiaque-verseau
428	tm-b4hlqtfu	prostituée
429	tm-b4ki3bo4	Philippe IV le Bel
430	tm-b5fpozqn	meule (outils et instruments divers)
431	tm-b629qdzx	tentation du Christ
432	tm-b72fb3ce	naissance de Samson
433	tm-b8j3oono	ténèbre
434	tm-bbcxqwen	bénédictin
435	tm-bbg8pnmm	constellation-lièvre
436	tm-bbnqexhe	Rémus
437	tm-bcbo3jcg	mort de la Vierge
438	tm-bcmcfuzn	encrier
439	tm-be3lngod	Judas Maccabée
440	tm-be7ccsta	armoiries
441	tm-be825ttu	sainte Marine
442	tm-beu35jnu	Samson incendiant les champs des Philistins
443	tm-bfadnnza	dragon de l'Apocalypse enchaîné
444	tm-bg5uhyed	bain
445	tm-bhdpcr6m	mesurage
446	tm-bi28adap	goupillon
447	tm-bi8lqnd4	première trompette de l'Apocalypse : pluie de feu
448	tm-biccmfla	mensonge
449	tm-bixq2gai	Bel-Accueil
450	tm-bk6sfrn9	malédiction
451	tm-bkbcmurk	fève
452	tm-bmghewaz	Oiseuse
453	tm-bmyvpzau	lacération
454	tm-bn3rppxr	femme de l'Apocalypse
455	tm-bniwu4xq	pendaison du panetier
456	tm-bnkz96jl	zodiaque-taureau
457	tm-bnphjku3	nappe
458	tm-bnug4oya	constellation-dauphin
459	tm-bp6ywv9g	branche
460	tm-bpcnhn23	Yaël tuant Sisera
461	tm-bpudvumu	octobre
462	tm-bpw9bcbv	trône de grâce
463	tm-bqh9bvjb	création des animaux terrestres
464	tm-bqnyidmd	larme
465	tm-bqot6gte	main
466	tm-bqscor5q	oiseau
467	tm-brda8tw3	fumée
468	tm-brnafxmd	ermite
469	tm-brqtzl8a	lance
470	tm-brrjh38g	astronomie
471	tm-bsh52mfb	femme de l'Apocalypse confiant l'enfant à un ange
472	tm-bslny8dd	sainte Marie Salomé
473	tm-bsmbjqgw	évêque
474	tm-bsumvxzp	Purgatoire
475	tm-btjw96oe	magistrat
476	tm-buyarbfy	pressoir
477	tm-bvwymnol	plaie
478	tm-bw9v7uzm	Amos
479	tm-bwf8a6ds	divorce
480	tm-bxldhdup	échassier
481	tm-bxrgewaw	Babylone
482	tm-bxxgsvzb	Samson faisant jaillir l'eau d'une mâchoire
483	tm-by3u4qkn	saintes femmes au tombeau
484	tm-bymdnaca	Pallas
485	tm-bz4cf4qh	désespoir
486	tm-bzmp4ftm	combat entre Abraham et les rois
487	tm-bzmydjkq	blé
488	tm-bzub7jhc	maître
489	tm-bzybg6ib	Jules César
490	tm-bzyp76f2	œil
491	tm-c4vyu5zq	lune (sphère céleste)
492	tm-c5353rxr	Simon de Cyrène
493	tm-c57opdwj	résurrection du Christ
494	tm-c6m6khgv	fuseau
495	tm-c6tvnsde	août
496	tm-c7bryluq	saint Cyprien
497	tm-c7ettqjl	saint Pierre et la vision des bêtes impures descendant du ciel
498	tm-c7rw7yxc	Jonas dans la gueule de la baleine
499	tm-c8hjqqkf	sainte Radegonde se retirant dans le monastère
500	tm-c8mjlvgq	songe
501	tm-c9fgbkad	pince
502	tm-ca9rcahk	arquebuse
503	tm-cat27oby	désignation
504	tm-cavdxnms	Otton III
505	tm-cavh3stx	Dieu indiquant à Moïse les règles sacrificielles
506	tm-cb6rrw2m	hotte
507	tm-cccn7sjm	Guillaume de Lorris
508	tm-ccjcjq3l	saint Faustin
509	tm-cei852az	Canaan
510	tm-cfdetg5c	cartes à jouer
511	tm-cg3ybjwk	jet
512	tm-cgt9cj5q	encensoir
513	tm-cguadphc	malade
514	tm-chduatst	gobelet
515	tm-chsgws7m	Tristan
516	tm-chuzegzw	plaie d'Égypte : les grenouilles
517	tm-cjwqjqlw	Christ couronné d'épines
518	tm-cjyni4fp	Joseph retiré du puits par ses frères
519	tm-ckjqk76u	Joseph stockant le grain
520	tm-cmfssnq4	couronne d'épines
521	tm-cmmym8qe	Sara
522	tm-cmyxcscx	flûte
523	tm-cn23qrrm	glandée
524	tm-cnqvpb9d	animal terrestre
525	tm-cnw3nroh	treille
526	tm-comzp3fs	mulet
527	tm-covhhvpa	saint Nicolas
528	tm-cpdgl5r4	écrit
529	tm-cpmkk5w7	honte d'Adam et Ève
530	tm-cpzm9f9v	chapelle
531	tm-cqphs5qs	or
532	tm-cqtjv7qq	jeune fille
533	tm-cqvuhtnw	scène de médecine
534	tm-crhhzaac	caparaçon
535	tm-crtv7nul	arrachage
536	tm-cs2ez3aa	témoignage
537	tm-cs6lj5fa	échafaudage
538	tm-cuklrkpb	sirène
539	tm-cuqtzlfj	bâton
540	tm-cuvk2g37	hydre
541	tm-cuzk4hgt	sainte Madeleine
542	tm-cvode8hm	arc de triomphe
543	tm-cvpk39fk	juge
544	tm-cw2gwrjp	serpent
545	tm-cwvsgqgm	dérision du Christ
546	tm-cx3pnnp2	parodie
547	tm-cx985kiu	Tobie et Raphaël extrayant le fiel du poisson
548	tm-cxigx8jl	Aaron et la verge fleurie
549	tm-cy5aypsy	rencontre de sainte Anne et saint Joachim à la porte d'or
550	tm-cyrdqdmq	franchissement
551	tm-cyuxnxa3	grêle
552	tm-cz6ughj4	inondation
553	tm-czgdx452	psaltérion
554	tm-czulhtc2	Cluny
555	tm-d2hszvgk	création du firmament
556	tm-d34te8yc	déluge universel
557	tm-d365amvj	fête
558	tm-d48rjzg8	généalogie
559	tm-d4gk2rez	Terre (personnifications et allégories)
560	tm-d4njtwwg	résurrection des deux témoins de l'Apocalypse
561	tm-d5qpldsa	crâne
562	tm-d6aoek6t	lépreux
563	tm-d6zchjks	fromage
564	tm-d78txjst	machine
565	tm-d82kpfxe	Tobie
566	tm-d8ggdgdu	saint Josaphat
567	tm-d8qsafz6	Vilenie
568	tm-d8shpumr	prostituée de l'Apocalypse
569	tm-d8x4bx2f	prophétie d'Amos
570	tm-d9fpbefh	baptême du Christ
571	tm-da2docur	assiette
572	tm-dabks2of	Andromède
573	tm-danrmloz	fourrure
574	tm-db88y9fq	Vierge de pitié
575	tm-dbs7u5ki	parabole de la drachme perdue
576	tm-dc7waxyt	massue
577	tm-dcbjbjbw	Inde
578	tm-dcihhq2y	baleine
579	tm-dcpddw8q	paysage
580	tm-ddn3yjed	meuble
581	tm-ddsozxuz	gant
582	tm-dedxo7vb	Job pardonnant à ses trois amis
583	tm-dex6zaap	Baruch
584	tm-dfthn2fh	saint Gilles
585	tm-dgk5bg9d	vocation de saint Matthieu
586	tm-dgkdpcob	Tabita
587	tm-dh7zhsew	prostitution
588	tm-dhagnkfl	saint Valérien
589	tm-dipecffb	saint Gabriel
590	tm-diyeejkk	cour pontificale
591	tm-dizfgxyt	chauve-souris
592	tm-djpomhcr	Ruth aux pieds de Booz endormi
593	tm-dk9vxhsj	Naamân guéri de la lèpre dans le Jourdain
594	tm-dkglmy59	liage
595	tm-dkof9qzf	contrainte
596	tm-dlnyl5hq	Nabuchodonosor
597	tm-dmmjw66x	apôtre
598	tm-dmmxwcie	oie
599	tm-dmudb66c	funérailles de la Vierge
600	tm-dmwyltwd	personnage agenouillé
601	tm-dn6cwhoy	pluie
602	tm-dnesfeaa	annonce à saint Joachim
603	tm-dntcjtgz	silence
604	tm-dnucswtd	poil
605	tm-do5npkus	chérubin
606	tm-doqybhct	ange musicien
607	tm-doxdzijv	juillet
608	tm-dp6pshcs	linceul
609	tm-dpjjsefo	caducée
610	tm-dpnpgalt	expulsion
611	tm-dpqcp8mr	Vulcain
612	tm-dpybthxv	entonnoir
613	tm-dqtvaofc	Polyxène
614	tm-drtpmh2p	muet
615	tm-dtanprxl	astrolabe
616	tm-dtj9rugp	géographie
617	tm-dtoam6yz	cigogne
618	tm-dtyba2pn	Christ apaisant la tempête
619	tm-dup8mnnv	femme de l'Apocalypse attaquée par le dragon
620	tm-duxo4cw7	Moïse
621	tm-dvyydnzm	Joseph comparaissant devant Pharaon
622	tm-dvzqfrdg	Arcadius
623	tm-dw3at2dl	brouette
624	tm-dwz7anb8	saint Laurent sur le gril
625	tm-dx2axnam	mai
626	tm-dxjmfdbj	damier
627	tm-dydzjc4k	dominations
628	tm-dyq48ung	sainte Radegonde remerciée par les prisonniers libérés
629	tm-dzl7mvhj	dragon
630	tm-dzsm2nrn	automne
631	tm-dzu9mu8z	logique
632	tm-dzzsd2mh	sultan
633	tm-e294fgoq	chèvre
634	tm-e33fmhhf	baptistère
635	tm-e3zmxnxt	Ovide
636	tm-e4hvp5xc	hommage
637	tm-e4tn5ts9	Aaron
638	tm-e5f2ebva	abbesse
639	tm-e5smizby	assèchement
640	tm-e6geqgru	prie-dieu
641	tm-e6nmw8m2	cinquième trompette de l'Apocalypse : sauterelles à tête humaine
642	tm-e7dpiirb	investiture
643	tm-e8j9oa98	Philippe II Auguste
644	tm-e8su99zt	prince
645	tm-e8yquhqz	son
646	tm-e9kex2hj	Cana
647	tm-e9uxwnmv	saint Denis l'Aréopagite
648	tm-eaeqvspl	chasuble
649	tm-eaqs37ih	hospitalité
650	tm-easkzrk2	Virgile
651	tm-eb9vua5q	jardinier
652	tm-ebbeyuxy	partage
653	tm-ebdjvcqy	poire
654	tm-ebeeqdhh	Goliath
655	tm-ebi56wst	printemps
656	tm-ec7e7dqn	couronnement de la Vierge
657	tm-ec9kahfv	lac de Tibériade
658	tm-eckf8ufy	Adam donnant leurs noms aux animaux
659	tm-ecydndcw	Cassandre
660	tm-eda4wknd	saint Augustin
661	tm-edtp6tuz	ivresse de Noé
662	tm-edv9mxjq	lapidation de Jérémie
663	tm-edwy5bgd	Jubal
664	tm-edxkd4fq	constellation-chien
665	tm-eeeigsnx	saint Symphorien
666	tm-efayoqgh	conversion
667	tm-efumv9dg	naissance
668	tm-efvqujfg	guide
669	tm-egajrezh	vache
670	tm-egdflbsl	saint Félix de Nole
671	tm-eggj4jh6	trésor
672	tm-eh5gtpzc	Pléiades
673	tm-ehetqxs2	flûte de Pan
674	tm-ehhtellu	saint Lazare
675	tm-ehl4mchd	fontaine
676	tm-eht72zgw	saint Amand
677	tm-ehwoktqy	Judith en prière
678	tm-eitxtnkh	taille
679	tm-eiugmfdk	menace
680	tm-eivq9xdw	four
681	tm-ej4ks7qq	péché originel
682	tm-ejmsuc7w	armée céleste en guerre contre le faux prophète de l'Apocalypse
683	tm-ejnelnx9	saint Joseph d'Arimathie
684	tm-ejxcx7ec	marchand
685	tm-eke6sdfq	houe
686	tm-ekee45vo	saint Marc
687	tm-ekfz4z5u	danse
688	tm-ekky472z	Elqana, ses deux femmes et ses enfants
689	tm-ekpqydaz	paille
690	tm-ekxitbwn	Pergame
691	tm-elbvptju	Christ au jardin des oliviers
692	tm-elclttqx	Christ ressuscitant la fille de Jaïre
693	tm-eljdnkb8	ange de Pergame
694	tm-eln9yxbm	fossoyeur
695	tm-eltb2pgh	lapidation
696	tm-elwssuev	grias
697	tm-em9zurfv	mariage de Tobie et Sarra
698	tm-emeduxnn	catapulte
699	tm-emjujykg	onction
700	tm-emntsvyu	témoin de l'Apocalypse
701	tm-emnu5exp	génuflexion
702	tm-emwshtbq	dé
703	tm-enappawz	Ruben
704	tm-eoddgais	boîte
705	tm-ep4eggul	tuyau
706	tm-eppjfp5g	paiement
707	tm-eprjyt9w	loutre
708	tm-eq6v6wmz	labourage
709	tm-eqbry9hs	fou
710	tm-eqktgvst	Job et ses trois amis
711	tm-eqnskbnq	arbre
712	tm-eqy4xntw	Balaam et l'ânesse arrêtés par un ange
713	tm-er7b9xjh	écriture
714	tm-esybbkqs	saint Philippe
715	tm-ettdtvvj	tisserand
716	tm-eu3btc9w	ange de Sardes
717	tm-eumhtcyj	incendie
718	tm-evxnhdr6	lait
719	tm-evxpt8qm	défrichement
720	tm-evzlan58	heaume
721	tm-ew84lsf2	clou
722	tm-ewgn6jzq	miction
723	tm-ewtkhvz8	meurtre des deux témoins de l'Apocalypse
724	tm-ewtp9vll	sainte Radegonde servant les pauvres à table
725	tm-ewxwkq9d	saint Éloi
726	tm-ewz4jaek	fourche
727	tm-exaqrgmy	onction de la pierre par Jacob
728	tm-exhwdwhu	passage de la mer Rouge
729	tm-exqwtzeu	saint Jean-Baptiste
730	tm-exwgd4st	ruche
731	tm-eybss9mu	poulie
732	tm-eyfxkrzp	compas
733	tm-ezdizhcw	Diable
734	tm-eznjiuun	plume
735	tm-f4sqsvcv	Vierge
736	tm-f4yzszsu	Europe
737	tm-f57tu5bi	masse d'arme
738	tm-f5odbnfu	Samson enlevant les portes de Gaza
739	tm-f6mxc76f	sainte Catherine
740	tm-f7ixh9g3	départ
741	tm-fagvkhhb	gourmandise
742	tm-fap2uw3x	harnachement
743	tm-fapyccec	bétoine
744	tm-fbajnnhp	crucifix
745	tm-fbpmej54	maiestas domini
746	tm-fc6zyvtw	Judith décapitant Holopherne
747	tm-fcdsbjnr	couronne végétale
748	tm-fceuoppv	bois coupé
749	tm-fdf2svtk	Job éprouvé par sa femme
750	tm-fdjbbyqw	Judith
751	tm-fduug2xs	saint Bernard
752	tm-fduvdddt	fer
753	tm-fearfpnc	reproches de saint Jean-Baptiste à Hérode Antipas
754	tm-feckmfoe	défaite de la Bête de l'Apocalypse
755	tm-fehyzzhe	cerf
756	tm-fekdksbq	chute des anges
757	tm-femqgmrh	char
758	tm-fepd7eeg	naissance d'Isaac
759	tm-feygm5h3	preuve
760	tm-fezyf5bu	Dieu confiant sa mission à saint Gabriel
761	tm-ff3bvate	noyade de Pharaon
762	tm-ff8dyvd5	Ochozias
763	tm-ffdfo6ff	saint Barnabé
764	tm-ffmc4rvj	planète
765	tm-fgzucmqf	renoncement
766	tm-fhdoxok8	centaure
767	tm-fhmxnpgh	sainte Ursule
768	tm-fhtxmejy	transport de l'Arche d'Alliance à Jérusalem
769	tm-fhwrtvqb	lion ailé
770	tm-fhygwvhh	communion
771	tm-fimjfcau	Mars (personnage)
772	tm-finpesrq	Jacob et l'ange combattant
773	tm-fj23v7mu	Saül (personnage de l'Ancien Testament)
774	tm-fjaxcxkq	sein d'Abraham
775	tm-fjd4zcsu	lynx
776	tm-fjs5dpnz	naissance de la Vierge
777	tm-fkjmdoj5	Isaïe
778	tm-fksstiny	vieillard de l'Apocalypse
779	tm-fku9bvtt	fouet
780	tm-fmc56drs	Jason
781	tm-fmxv6ldf	richesse
782	tm-fmytavcm	phylactère
783	tm-fnc5aoyb	patience
784	tm-fnqtksya	planète Jupiter
785	tm-fnr5ebmp	Hérodiade
786	tm-fnttxf59	rhétorique
787	tm-fnxqqjap	cynocéphale
788	tm-folkefb3	moineau
789	tm-forapbhz	arche d'alliance
790	tm-fpdeuj8w	roseau
791	tm-fpgb8wit	saint André
792	tm-fpgmj3zt	Salomé portant la tête de saint Jean-Baptiste
793	tm-fpmjpxku	Jacob
794	tm-fpndxwgm	louve
795	tm-fptqa7ub	couture
796	tm-fqasdntn	Jupiter
797	tm-fqcixgzk	défécation
798	tm-fqsmj9hi	Rome
799	tm-fr9zzh6y	mariage d'Adam et Ève
800	tm-frdvrduw	Christ comparaissant devant Hérode Antipas
801	tm-fre5upqr	Uzza touchant l'Arche d'Alliance et frappé de mort
802	tm-frik9sty	sainte Agathe
803	tm-frlbuzh7	calendrier
804	tm-frnugdf2	cloche
805	tm-frszntoo	Pentecôte
806	tm-fsgbkpce	janvier
807	tm-fsjjuwkx	pressage
808	tm-fsnskbgl	idolâtrie
809	tm-ft4aandv	jarre
810	tm-ftznppi9	crucifixion du Christ
811	tm-fucpr4e8	songe de Daniel : les quatre animaux
812	tm-fuffwksh	Abigayil intercédant auprès de David
813	tm-fuzmwz6g	femme de l'Apocalypse recevant des ailes pour fuir le dragon
814	tm-fvvvzy6y	cor
815	tm-fw3htmg4	chapelet
816	tm-fwavacqc	extrême-onction
817	tm-fwefiazw	Lamek
818	tm-fwmwiymk	prophétie de Joël
819	tm-fwnp2ekv	Merlin
820	tm-fwrnui8f	pain
821	tm-fxdqp5xu	Christ guérissant un lépreux
822	tm-fxtku2cf	bêchage
823	tm-fyaprf8g	chanoine
824	tm-fyvg2kbv	prisonnier
825	tm-fywh9vu9	Gédéon et la sélection des soldats
826	tm-fyww27ay	Christ portant la croix
827	tm-fz2pswmg	arc-en-ciel
828	tm-fzjufq6d	chaîne
829	tm-fzwqvyfu	saint Zacharie
830	tm-fzxsdn4x	sainte Élisabeth de Hongrie
831	tm-g3ij59zn	ogre
832	tm-g3shdfgs	église (architecture)
833	tm-g3ykmnym	Boccace
834	tm-g4cup98t	ours
835	tm-g4f6amwc	négligence
836	tm-g4k22jdq	Dieu-main
837	tm-g4qqthqd	Samuel et les anciens d'Israël
838	tm-g5fnnh74	Dèce
839	tm-g5gvbupi	Lévi
840	tm-g5iqdaq3	Céphée
841	tm-g6k9sgvc	saint Longin
842	tm-g6weelfz	saint Hippolyte
843	tm-g7bmu4fa	chasteté
844	tm-g7kgvqwx	retour de l'Arche d'Alliance volée par les Philistins
845	tm-g8wvpu7k	taupe
846	tm-g9vbnvo2	charrue
847	tm-gadjxbqu	Christ guérissant un paralytique
848	tm-gajeezap	main de Dieu
849	tm-garwvktz	trompette
850	tm-gaxz7ynj	hirondelle
851	tm-gb2cic7i	deuxième trompette de l'Apocalypse : mer en feu
852	tm-gb4avtpv	vocation des apôtres
853	tm-gb9xzs44	musique
854	tm-gbmk8ara	outil
855	tm-gbucvvq7	couteau
856	tm-gbupbhko	Jacob conduisant ses fils en Égypte
857	tm-gcibqhsc	saint Barthélemy
858	tm-gcsmygkq	saint Benoît
859	tm-gcyrklfg	Richard Cœur de Lion
860	tm-gdbynvqw	berger
861	tm-gddcogtv	folie
862	tm-gdn6q9dw	Jacob et la tunique ensanglantée de Joseph
863	tm-ge7kvbsg	saint Jérôme
864	tm-gehksbxd	nain
865	tm-ggdpjup7	Antéchrist
866	tm-ggnrmwc7	toucher
867	tm-ggrtv3lm	zodiaque-capricorne
868	tm-ggtqslg5	sixième sceau de l'Apocalypse : anges retenant les vents
869	tm-ghcjyxkc	ensevelissement
870	tm-ghihzzvb	ville
871	tm-ghqnmaeg	Manassé
872	tm-giaddwpb	charpente
873	tm-gj5f4iar	vendange divine
874	tm-gjmmi6am	Christ dépouillé de ses vêtements
875	tm-gk8dqj7t	Salomon trônant
876	tm-gkq8yjcq	ange de Smyrne
877	tm-glk6ghzz	création de la terre, de la mer et des végétaux
878	tm-glqthq8v	Pénélope
879	tm-gmnrb6ga	coq
880	tm-gnbjeakx	Apulée
881	tm-got9rxjl	étude
882	tm-gp8u69bv	jour
883	tm-gpauhptp	chant liturgique
884	tm-gptkmgvw	Manoah
885	tm-gpu9gq8p	anguille
886	tm-gpudcb9k	pupitre
887	tm-gqbkwaul	tempête
888	tm-gqln2qya	Domitien
889	tm-gqyjhanc	puits
890	tm-grd8x7vt	Zachée
891	tm-grjvux2f	falaise
892	tm-gs7gbqwi	pin
893	tm-gsebqcnv	adoption
894	tm-gsmxbnkq	cadavre
895	tm-gsqpnhxd	sculpteur
896	tm-gssee5ut	Adonis
897	tm-gsxjhjhz	chant
898	tm-gt2on5hk	Sion
899	tm-gu5grll6	reine
900	tm-gugcvvgm	usure
901	tm-guh87fqu	marmite
902	tm-guqbmqyt	constellation-bateau
903	tm-gwgpphwa	rateau
904	tm-gwqwband	fil à plomb
905	tm-gxop3p42	licorne
906	tm-gxsm3dcv	saint Marc zoomorphe
907	tm-gy47blts	faux prophète de l'Apocalypse ordonnant d'adorer la Bête
908	tm-gylonftu	Agar
909	tm-gyrbfk9c	clerc lisant
910	tm-gz78y3yz	saint Félicien
911	tm-gznuxva6	soufflet
912	tm-h2o2met6	broche
913	tm-h33guuqc	vieille
914	tm-h4hkewwz	chimère
915	tm-h5p48lfk	soldat
916	tm-h6gpwauw	Job retrouvant la prospérité
917	tm-h6keehu8	simonie
918	tm-h6smsjzb	Château-Saint-Ange
919	tm-h6urhbqm	Diane
920	tm-h78uswml	adoration de l'agneau divin sur le mont Sion
921	tm-h7vxh9ju	création de la lumière
922	tm-h97mvfex	hydropique
923	tm-h9br7rat	victoire
924	tm-h9nsqqnm	grenier
925	tm-hag9yvxm	création des astres
926	tm-havgveuu	livre
927	tm-haz2fmgv	saint Irénée
928	tm-hb2k44pw	Bethesda
929	tm-hbbtt6s5	Maximien
930	tm-hbowfqvv	monastère
931	tm-hbtqjohq	Dioclétien
932	tm-hcgadtzf	constellation-dragon
933	tm-hckmzedb	Jérusalem céleste
934	tm-hcngvxuh	parabole des aveugles
935	tm-hcwryogr	saint Luc
936	tm-hddc4hiq	rencontre
937	tm-hdkzhtu2	intérieur
938	tm-hdomujeq	quatrième trompette de l'Apocalypse : assombrissement des astres
939	tm-hdyhrkk2	zodiaque-balance (homme, animal, nature)
940	tm-he6qentj	jambe
941	tm-heanyzm4	roi des Ammonites humiliant les envoyés de David
942	tm-hemvfxe3	médecin
943	tm-hezyfpoj	alcyon
944	tm-hggzvz6e	saint Barlaam
945	tm-hgiw3ea6	Alphonse X le Sage
946	tm-hglhk2td	mort de Moïse
947	tm-hgz4abmp	puanteur
948	tm-hh9dhqag	maladie
949	tm-hhbbvyty	navigation
950	tm-hhc3rzec	saint Pierre ressuscitant Tabita
951	tm-hhop4nkn	Joseph vendu à Putiphar
952	tm-hjbw7gw8	Théodose II le Jeune
953	tm-hjexo3t8	Mahomet
954	tm-hjqocvkx	arme
955	tm-hkbhmtxs	cire
956	tm-hkzkxmlc	manipule
957	tm-hllmnxql	constellation-lyre
958	tm-hmdzncva	poêle
959	tm-hmiqkvsn	faucon
960	tm-hmpplszt	huile
961	tm-hmvdbos7	grenouille
962	tm-hpflbkjo	Orion
963	tm-hptzrewj	battage
964	tm-hpzbhsp7	faux prophète
965	tm-hqk3xgzt	buisson ardent
966	tm-hqp5rjsl	écureuil
967	tm-hqvhwlw3	canard
968	tm-hqzsirbz	Blanche de Castille
969	tm-hrevffsz	dévoration
970	tm-hrrvtuvf	magie
971	tm-hrxfvvtv	sainte
972	tm-hsen2y5h	Tubalcaïn
973	tm-hseqxbxc	filage
974	tm-hshgypfs	malheurs de Job
975	tm-hsuer3qp	allaitement
976	tm-hsuvqs4u	Charles Martel
977	tm-huepfznj	fruit
978	tm-hutb5szo	nuit
979	tm-huwkptr6	guêpe
980	tm-huwnelet	scène d'astronomie
981	tm-hvc5rwyk	ensevelissement de Jacob
982	tm-hvluemw6	saint Eusèbe
983	tm-hvmbbgkw	nuée
984	tm-hvsefpfe	David simulant la folie
985	tm-hw2jky63	singe
986	tm-hw2kmuyd	martyre de saint Vincent
987	tm-hwbpfzqq	Christ
988	tm-hwgvqyxj	Christ et la femme adultère
989	tm-hwpk5ju7	terrier
990	tm-hwr4zbfx	intendant
991	tm-hwyaxkee	Vierge nourrie par un ange
992	tm-hxghhpux	pauvreté
993	tm-hxhftm7p	Haine
994	tm-hxm4mzvu	damnation
995	tm-hy6j8pvu	bourreau
996	tm-hya9fq6i	paganisme
997	tm-hyb9xoeh	charbon
998	tm-hywxiizx	ciel
999	tm-hz6g2gmu	truelle
1000	tm-hzxrdzph	Musulman
1001	tm-hzyurlkd	Moïse et le serpent d'airain
1002	tm-hzzdvxer	chaire
1003	tm-i2442num	messager
1004	tm-i35svw2b	balle
1005	tm-i48av9mh	argile
1006	tm-i4swicgx	peau
1007	tm-i5nfqkr8	Hercule
1008	tm-i6rm2xwg	psaume 69 : noyade de David
1009	tm-i6z6pybr	bannière
1010	tm-i7vaqrz7	cœur
1011	tm-i94jpy9p	autel
1012	tm-i9dtjwqs	plaie d'Égypte : les maladies du bétail
1013	tm-ibeucelv	saint Alexis
1014	tm-ibkrr39s	Jean de Meung
1015	tm-ibycfnrq	Tibère
1016	tm-ic2z4znp	païen
1017	tm-iccugzny	Nil
1018	tm-icnjfnvn	scie
1019	tm-idysunzc	hareng
1020	tm-ie8wpjhx	coup
1021	tm-ieofdhgd	fumier
1022	tm-iepvbap8	Philippe V le Long
1023	tm-ifbx6xbh	saint Zacharie inscrivant le nom de Jean
1024	tm-ifgz6sgr	saint Arsène
1025	tm-iganrttd	poignard
1026	tm-igmjkfxd	vannage
1027	tm-ihcuiicr	Japhet
1028	tm-ihhzuzza	fuite en Égypte
1029	tm-ii9runv9	faux prophète de l'Apocalypse sortant de la terre
1030	tm-imashzwf	planète Vénus
1031	tm-imfbkx2k	marionnette
1032	tm-immvhubk	saint Vincent
1033	tm-intsras3	création d'Ève
1034	tm-ioe6k6ms	salamandre
1035	tm-ipkqntwk	Auguste
1036	tm-ipxuypcf	Christ et les docteurs
1037	tm-iqecf9s7	Esther implorant Assuérus
1038	tm-iqrfzwuu	boucher
1039	tm-iqwfswjw	Raban Maur
1040	tm-irezacwe	Minerve
1041	tm-irp5qfxd	Adam et Ève dans le Paradis terrestre
1042	tm-irrfblyp	lentille
1043	tm-is6dwdc5	confession
1044	tm-iszsi3kg	tailleur
1045	tm-itfttfrd	Christ guérissant une hémorroïsse
1046	tm-itqdchx7	Daniel jugeant les deux vieillards
1047	tm-itr42guh	raisin
1048	tm-iudyw9zp	saint
1049	tm-iugrde2s	tonsure
1050	tm-iv4xh9vr	don
1051	tm-ivsdfebq	épée
1052	tm-ixtqtin2	Cassiopée
1053	tm-iyb3nxp6	mage
1054	tm-iyfbjxvj	décapitation
1055	tm-izhjgqkm	martyre de saint Laurent
1056	tm-j27rc5on	Sibylle
1057	tm-j2avjrug	plaie d'Égypte : les taons
1058	tm-j2e8bmmn	décembre
1059	tm-j2n4gpoz	Pygmalion
1060	tm-j3n54oiy	Caton
1061	tm-j6uhxpie	gerbe
1062	tm-j7qw8sgz	adultère
1063	tm-j84rinpo	ami
1064	tm-j8rdzvec	torche
1065	tm-j9vh9ahy	sauterelle de l'Apocalypse
1066	tm-j9zhmswq	Danger
1067	tm-jab9atx3	cinq sens
1068	tm-jargsgh4	sagesse
1069	tm-jarjobfr	Charles IV le Bel
1070	tm-jbd6oau4	combat entre Alexandre le Grand et Darius
1071	tm-jbk9lrul	adoration des mages
1072	tm-jcwphksz	saint Gervais
1073	tm-jddhyyeu	serment
1074	tm-jdfgmjry	bûcheron
1075	tm-jdkdy3be	égorgement
1076	tm-jdmtc27s	geai
1077	tm-jdrj93ga	tombe
1078	tm-je8cfg7n	saint Corneille pape
1079	tm-jehmyyfx	sacrifice d'Abraham
1080	tm-jeisdvb3	psaume 39 : David se condamnant au silence
1081	tm-jfduzhgg	Joseph jeté dans le puits par ses frères
1082	tm-jfhjwnr5	fléau
1083	tm-jfmzfjpe	Ganymède
1084	tm-jfzarp2h	Cybèle
1085	tm-jg2modcw	toupie
1086	tm-jggy3hnt	peignage
1087	tm-jghjjppv	gland
1088	tm-jgqztcw5	Jonas jeté à la mer
1089	tm-jgwjrwcu	séparation d'Abraham et de Lot
1090	tm-jin4mvuu	Isaac bénissant Jacob
1091	tm-jiuyjweh	enlèvement
1092	tm-jk95zfrh	île
1093	tm-jki7aqqw	ange de Thyatire
1094	tm-jkszprzi	sainte Marie de Béthanie
1095	tm-jnfcqtb8	stockage
1096	tm-jobbhqmd	meurtre d'Abel
1097	tm-jow43spz	Gog
1098	tm-jowmzegm	constellation-baleine
1099	tm-joxbesjc	continence de Tobie et Sarra
1100	tm-jpnbe7dx	chameau
1101	tm-jqfnbjvu	grattoir
1102	tm-jrkvhqse	constellation-hydre
1103	tm-jsnuncjg	Ismaël
1104	tm-jssydkz3	blasphème
1105	tm-jtekcxsd	descente
1106	tm-jttoecac	Vierge allaitant
1107	tm-ju3hgu4w	Abel
1108	tm-judf2l5r	saint Jean d'Égypte
1109	tm-jukrweum	érémitisme
1110	tm-jvaduxrf	ange donnant un roseau à saint Jean
1111	tm-jvkbabpi	idole
1112	tm-jvn5h8vj	blessure
1113	tm-jvrvbnnd	chaux
1114	tm-jxqmhzye	bouc
1115	tm-jxybuacp	roi de Juda
1116	tm-jy2xvbmk	feu-langue
1117	tm-jyfxqr6n	noble
1118	tm-jymbdq32	David envoyant Urie à la guerre
1119	tm-jyuadmtk	agneau
1120	tm-jz5vk4dk	étreinte
1121	tm-jzhwlfmf	David combattant Goliath
1122	tm-jzkalcbn	fer à cheval
1123	tm-jzmmqth6	œillet
1124	tm-k23knluu	David musicien apaisant Saül
1125	tm-k3o2ufbc	Job
1126	tm-k44wpwea	comtesse
1127	tm-k4qwwvhh	étable
1128	tm-k5b473yz	sacrifice de Gédéon
1129	tm-k5jrpiv9	lamentations sur le Christ mort
1130	tm-k75a9nhn	miroir
1131	tm-k87jhsv5	Adam et Ève au travail
1132	tm-k8s6bcyb	Joseph vendu par ses frères
1133	tm-k8tnouy2	sourire
1134	tm-k9bbwcc8	porc-épic
1135	tm-kafe9avd	poursuite
1136	tm-kajkogoz	Thésée
1137	tm-kancnlxz	lion
1138	tm-katnycdu	dérision
1139	tm-kbhxy3yf	saint Michel et la pesée
1140	tm-kc5ukqpv	baptême
1141	tm-kcccaa84	treuil
1142	tm-kcccajyc	pélican
1143	tm-kcqp58df	saint Georges
1144	tm-kcvupvpd	cour royale
1145	tm-kcwcmu4i	noyade
1146	tm-kdyvsq43	construction
1147	tm-ke5amtsz	nativité du Christ
1148	tm-kejsjtfa	sainte Radegonde lavant les pieds des pauvres
1149	tm-kekzczmc	Yubal
1150	tm-kelv8m8s	Pharaon et l'échanson
1151	tm-kevfxbka	flèche
1152	tm-kewbxwus	Moïse et l'Arche d'Alliance
1153	tm-kewga8kz	création des poissons et des oiseaux
1154	tm-kewgux3v	Gestas
1155	tm-kfvup8ux	sauvegarde
1156	tm-kgblaf2c	jugement de Salomon
1157	tm-kgksjk9x	comparution
1158	tm-kgnfehdw	Jacob bénissant Éphraïm et Manassé
1159	tm-kgwfnzac	corne d'abondance
1160	tm-kh2d75b5	Jephté sacrifiant sa fille
1161	tm-khwmpyqj	ourson
1162	tm-kikaaktk	saint Quentin
1163	tm-kikgheer	circoncision du Christ
1164	tm-kjd8nioy	ange déversant la deuxième coupe de l'Apocalypse
1165	tm-kjde2vgq	archevêque
1166	tm-kjewznxq	auteur
1167	tm-kjupfucc	saint Thomas Becket
1168	tm-kkdfibmk	bétail
1169	tm-kkgdy8uc	sainte Christine
1170	tm-kkotaquv	saint Jean
1171	tm-klnahk5m	Lamek tuant Caïn
1172	tm-klngpjqk	reniement de saint Pierre
1173	tm-kmeri9mm	réclusion
1174	tm-knj6nuzu	menuiserie
1175	tm-knllv9fj	injustice
1176	tm-knnirqjh	foulque
1177	tm-knuxnxo7	défaite de Judas Maccabée
1178	tm-kon4s3kd	scène d'enseignement
1179	tm-kps6awhk	rose
1180	tm-kqjtizyb	sainte Thaïs
1181	tm-kqw7yngn	Paradis
1182	tm-krbr2ckj	Malachie
1183	tm-krpysxeo	stellion
1184	tm-krqn6p62	humeurs
1185	tm-krqtbduz	lamproie
1186	tm-kshyfwtm	canonisation
1187	tm-ksmrr7uz	Dieu mettant en garde Adam et Ève
1188	tm-kte2fgxt	saint Ambroise
1189	tm-ku6smvdl	médecine
1190	tm-kue7z2fk	création de l'univers
1191	tm-kuxkfpxx	constellation-coupe
1192	tm-kvghueu3	échelle de Jacob
1193	tm-kvoyc2kc	joie
1194	tm-kw8hbqmf	araignée
1195	tm-kwjt7lv6	Bethléem
1196	tm-kwud7zub	Vierge de miséricorde
1197	tm-kxju76xv	chevreau
1198	tm-kxzgradr	cendre
1199	tm-kyspxgaf	sagittation
1200	tm-kz2etemr	mort de Lazare
1201	tm-kzafsg9m	rasage
1202	tm-kzkf4zap	Godefroy de Bouillon
1203	tm-l2zebbrf	colonne
1204	tm-l3chfrtx	poids
1205	tm-l5huy3as	Louis VIII le Lion
1206	tm-l5texchk	lecture
1207	tm-l66mtgn3	lampe
1208	tm-l6wdlbg9	bûcher (outils et instruments divers)
1209	tm-l842tt9k	chasse
1210	tm-l8d4jyi2	mise au tombeau du Christ
1211	tm-l9vt6wgw	tombeau
1212	tm-labqwtqc	Cène
1213	tm-lalynzrk	Cham
1214	tm-lamrp4nv	assomption de la vierge
1215	tm-lc43um5w	hibou
1216	tm-lce5qiod	palmier
1217	tm-ldea9brg	Pilate
1218	tm-ldlee7pf	corbeau
1219	tm-ldwtdycz	arcade
1220	tm-lf46n4ng	voyage de Tobie et de l'archange Raphaël
1221	tm-lfcfaqyo	prophétie de Nahum
1222	tm-lfuyeanp	enseigne
1223	tm-lfwqlxot	écrevisse
1224	tm-lg2faton	relique
1225	tm-lg74ahc2	Lune (personnifications et allégories)
1226	tm-lgfqumx9	flagellation du Christ
1227	tm-lhhenkrz	iconoclasme
1228	tm-li3ucz3a	voyage de la Vierge et de saint Joseph à Bethléem
1229	tm-lj2nexwz	Mikal
1230	tm-lj6c8uzn	Dieu ordonnant à Satan d'éprouver Job
1231	tm-ljsuoykc	encensement
1232	tm-llb5qhxg	gloire
1233	tm-lmggmvan	saints quatre couronnés
1234	tm-lnlyv3vu	Ulysse
1235	tm-lqkskuxe	exorcisme
1236	tm-lrtrk3vk	faux
1237	tm-lswtd4j5	Elqana et ses deux femmes
1238	tm-ltwqrtmb	principautés
1239	tm-lu2xkkjx	Ézéchiel
1240	tm-ludc2922	dénomination
1241	tm-luey35gc	Conrad III
1242	tm-lurgvj4e	ange déversant la septième coupe de l'Apocalypse
1243	tm-lvoma2h3	accord
1244	tm-lxobctsl	boa
1245	tm-ly2cxgos	Gorgone
1246	tm-lyxiazg2	forgeron
1247	tm-lzvhgwhj	sainte Félicité
1248	tm-m44bgc9i	sainte Pétronille
1249	tm-m528qrrh	psaume 27 : David recevant la lumière divine
1250	tm-m5qkpv6n	chouette
1251	tm-m5whpc4g	pont
1252	tm-m6adyuth	déluge
1253	tm-m6lxapuw	Élie ressuscitant le fils de la veuve de Sarepta
1254	tm-m73ggksu	roue
1255	tm-m7ybtrmm	dévêtement
1256	tm-mag5kvxn	Attila
1257	tm-mah88vfz	Bède le Vénérable
1258	tm-maknxkfk	manne
1259	tm-maonjzfk	saint Prime
1260	tm-mauj9gtm	destruction de Sodome
1261	tm-mbmmn7eo	zodiaque-cancer (homme, animal, nature)
1262	tm-mcyjt54t	vase
1263	tm-mdd4joby	avarice
1264	tm-mdezulxs	noces
1265	tm-me5q4rh9	Job et ses enfants
1266	tm-mec47jx4	prédication
1267	tm-mewqp9hl	déchirure
1268	tm-mfeblxqs	crabe
1269	tm-mfmemdkq	suicide
1270	tm-mfqmhxts	Malchus
1271	tm-mfum8kul	saint Étienne lapidé
1272	tm-mg4wybom	Enfer
1273	tm-mg8vhxe3	inspiration divine
1274	tm-mh4md8ft	ceinture
1275	tm-mhts75tt	Jéroboam
1276	tm-mhz7mx37	Arnaud de Villeneuve
1277	tm-mj4njwhn	étang
1278	tm-mjnfk8vv	milan
1279	tm-mjrbme3v	Amour
1280	tm-mjsmh3jx	lapidation d'Akân
1281	tm-mjwmtexr	brûlement
1282	tm-mkafmsef	tête
1283	tm-mki6tv8t	saint Martin
1284	tm-mkthbsp2	Christ recevant un message des soeurs de saint Lazare
1285	tm-mlrxnez5	vipère
1286	tm-mmcree8b	saint Abdon
1287	tm-mmndthay	Claude
1288	tm-mmz8mxdj	fraise
1289	tm-mnhvr4tw	Thyatire
1290	tm-mntpgqpm	antilope
1291	tm-mozr2ruc	dénombrement
1292	tm-mp9xu5il	héron
1293	tm-mpfiuvul	Bethsabée
1294	tm-mpgv6hyt	nid
1295	tm-mpqlf6xd	samaritain-bon
1296	tm-mpve8qte	obscénité
1297	tm-mq4qyghh	siège de Jéricho
1298	tm-mqatu9og	possession
1299	tm-mqrh7emy	Juda
1300	tm-mqvexyu4	croix
1301	tm-mqvpgwfy	daim
1302	tm-mraqgrzv	queue
1303	tm-msawpfjw	sixième sceau de l'Apocalypse : élus adorant l'agneau
1304	tm-msiop9en	naissance d'Abel
1305	tm-msmpj5ea	Adam
1306	tm-msqqj7md	polygamie
1307	tm-msrzrwxs	Dieu
1308	tm-mstk3xq4	plaie d'Égypte : l'eau changée en sang
1309	tm-mswggshj	fenaison
1310	tm-msykqx8k	Anne prophétesse
1311	tm-msynm2hb	sacrilège
1312	tm-mtne6gd2	martyre
1313	tm-mtr8omi8	Balthazar
1314	tm-mv6q8uaz	saint Eustache
1315	tm-mvbrw9wk	songe de Daniel : combat du bélier et du bouc
1316	tm-mvqfrlqa	Agamemnon
1317	tm-mvqqtaag	image
1318	tm-mvtfdxwg	purification
1319	tm-mwdcgwoc	saint Joachim
1320	tm-mwdwtlky	prêtre hébreu
1321	tm-mwsaynxk	faisan
1322	tm-mwtlumgp	septembre
1323	tm-mwyfyw9l	foudre
1324	tm-mxackdda	cercueil
1325	tm-mxy3ysw6	crucifiement
1326	tm-my82wtzw	saint Valentin
1327	tm-myebkr5u	Akân
1328	tm-mykxfew8	douleur
1329	tm-myvbibor	perroquet
1330	tm-myxwnf2q	pomme
1331	tm-mzn59lpy	interprétation
1332	tm-mzwxpkth	sable
1333	tm-n2uzdjrh	grenade
1334	tm-n2wfwrfl	Moïse présentant les tables de la loi aux Hébreux
1335	tm-n4pwxmes	insecte
1336	tm-n4z9bwrw	décapitation de saint Paul
1337	tm-n66chbcp	Iseult
1338	tm-n73pmm5x	sage-femme
1339	tm-n79fuk5b	abattage
1340	tm-n8erjz5e	pèlerinage
1341	tm-n9gz9tkh	lionceau
1342	tm-n9ndyf5v	auberge
1343	tm-n9nxyvv8	lac
1344	tm-n9vyzlcy	récipient
1345	tm-na78n3ea	Louis II le Bègue
1346	tm-namhprhf	Raison
1347	tm-nbhtztzb	repas chez Zachée
1348	tm-nbm97gtl	pion
1349	tm-nbvgagax	désir
1350	tm-nbx9bzha	vêtement
1351	tm-ncjgtss7	chute de Simon le magicien
1352	tm-ndoqzjsz	calife
1353	tm-ndts398x	David apprenant la mort de Saül
1354	tm-nebiqyxm	laurier
1355	tm-neeidqia	sainte Marguerite
1356	tm-nfcprtgz	trois Hébreux dans la fournaise
1357	tm-nffdauzt	couple
1358	tm-nfzbwtts	patriarche
1359	tm-ngpiliiu	Mathusalem
1360	tm-ngyaj5yq	Paresse (personnifications et allégories)
1361	tm-nhcum6ii	géométrie
1362	tm-nhsyxfkz	tambour
1363	tm-nisotuir	guenon
1364	tm-njavw9ne	Pollux
1365	tm-njhr4bft	biche
1366	tm-njjpkgow	présentation de Samuel au temple
1367	tm-njrmhlnn	jardin des oliviers
1368	tm-nk78ujlb	perle
1369	tm-nknediwp	Salomé
1370	tm-nm4ptyzu	cheval ailé
1371	tm-nmsxvnsg	cloître
1372	tm-nnv5seeb	constellation-cocher
1373	tm-nnvgkdbs	Moïse obtenant la victoire sur les Amalécites
1374	tm-nnwxmemz	corde
1375	tm-no3znyxx	lyre
1376	tm-np8gi6md	saint Eutrope
1377	tm-npipwjma	tissage
1378	tm-npuvkotr	charpenterie
1379	tm-npvmhz6a	saint Jean mesurant le temple
1380	tm-nq95ezrh	travail
1381	tm-nr9jg8rp	puissances
1382	tm-nrce7enk	lactation
1383	tm-nrxvynew	calvaire
1384	tm-ns8bjplp	vieillards de l'Apocalypse adorant l'agneau divin
1385	tm-nsouxpju	Pierre l'Ermite
1386	tm-ntchurgs	agneau divin et Christ tenant le livre
1387	tm-ntqcveun	Job couvert d'ulcères
1388	tm-nttqjzih	piège
1389	tm-ntvpbtqi	plaie d'Égypte : les moustiques
1390	tm-ntxfycay	saint Damien
1391	tm-nu8mmu8r	rire
1392	tm-nufd684y	huppe
1393	tm-numffmjc	cavalier de l'Apocalypse
1394	tm-nv3advtb	saint Janvier
1395	tm-nw7bvaeb	Booz
1396	tm-nwgwhmgb	parabole de la brebis perdue et retrouvée
1397	tm-nwraptcb	crachement
1398	tm-nxdjzfg4	Christ comparaissant devant Pilate
1399	tm-nxgcljrk	arrestation
1400	tm-nxjpliaf	Hénoch
1401	tm-nxrf7fdu	saint Avit
1402	tm-ny2cjp3e	billot
1403	tm-ny4dpejk	Gomorrhe
1404	tm-nyjlervh	phénix
1405	tm-nyyy67hn	Louis IV d'Outremer
1406	tm-nzk3ytiy	Ahimélek donnant à David un pain consacré et une épée
1407	tm-nzmupsab	Lot accueillant les anges
1408	tm-nzqjyv9e	témoins de l'Apocalypse devant l'antéchrist
1409	tm-o22sq8nn	enfant
1410	tm-o2wq4s6q	décapitation de saint Jean-Baptiste
1411	tm-o3w82xpy	bénitier
1412	tm-o4jjq4cn	Sinaï
1413	tm-o8l3vczq	Job éprouvé par sa femme et satan
1414	tm-o94cjnoa	rat
1415	tm-o9chhpsm	saint Antonin
1416	tm-oc8hxsa6	saint Savinien
1417	tm-odykdmqa	épieu
1418	tm-oeok7gip	saint Nazaire
1419	tm-of7dvbee	prophétie
1420	tm-of8nxmd8	Énée
1421	tm-ofeq6zcp	zodiaque-poisson (homme, animal, nature)
1422	tm-ofr3mt3u	récolte
1423	tm-ogoyee2m	arrivée
1424	tm-oh5jeacp	Jeanne de Bourbon
1425	tm-oh79njxc	tannage
1426	tm-oiwvz2pj	servante
1427	tm-oj5xlnr2	Élie nourri par un ange
1428	tm-ojsbyqgj	grammaire
1429	tm-ojtmjuie	Pharaon
1430	tm-ojxxmrnq	Jonas
1431	tm-oloax4v6	bannissement
1432	tm-omrdcfbt	constellation-poisson austral
1433	tm-onctpcnk	Abraham
1434	tm-oo7jtili	mer
1435	tm-oqbvream	luth
1436	tm-osa6rzpe	pêche miraculeuse de Tobie
1437	tm-otiw2jb8	ange encensant l'autel céleste
1438	tm-ourzz25h	lit
1439	tm-ov6zwpny	fléau (outils et instruments divers)
1440	tm-ovjj23yt	ciborium
1441	tm-ovkyueob	conception
1442	tm-ovvtgfbh	Samson triomphant du lion
1443	tm-owth5eyz	dédicace
1444	tm-oxdg4b2e	sac
1445	tm-oxuvfn7k	fuite d'Absalom
1446	tm-oy8svymh	fuite de Caïn
1447	tm-oydtvj8w	saint Christophe
1448	tm-oz9n8wse	David
1449	tm-p2szdvkp	papillon
1450	tm-p2tntmjc	sainte Anastasie
1451	tm-p2xvxdgc	sainte Cunégonde
1452	tm-p3r9mwh7	Néron
1453	tm-p4dcacex	saint Jude Thaddée
1454	tm-p4fabdca	sainte Pélagie
1455	tm-p4ju6mh3	circoncision de Samson
1456	tm-p4qgvln4	saint Cyr
1457	tm-p5h6aqv5	franciscain
1458	tm-p5nc55rk	Cyrus ordonnant la reconstruction du Temple
1459	tm-p5s7wxfc	Achior devant Holopherne
1460	tm-p6bpbd6j	Néhémie
1461	tm-p6h57oz4	saint Pierre tranchant l'oreille de Malchus
1462	tm-p6ldniob	riche
1463	tm-p6z8suu4	Lazare
1464	tm-p7tfjxjy	saint Jean-Baptiste baptisant le peuple
1465	tm-p7z37yta	Assuérus répudiant Vasthi
1466	tm-p9txxxfz	songe de Nabuchodonosor
1467	tm-padcd7om	statue
1468	tm-padxrisx	fée
1469	tm-paqfuwih	lamentation
1470	tm-paum8yy9	descente de croix
1471	tm-payjkxpw	prêtre païen
1472	tm-pbkskvzj	élu
1473	tm-pbpnfgjw	Balaam
1474	tm-pbqc6t9c	sacrifice de Manoah
1475	tm-pc7eyxhh	Afrique
1476	tm-pckqoivq	damné
1477	tm-pdps3my5	saint Fabien
1478	tm-pe4mnpqf	Suzanne conduite devant Daniel
1479	tm-pe9qagdw	constellation-autel
1480	tm-petzjle4	Christ et la pêche miraculeuse
1481	tm-pf3a7tvj	belette
1482	tm-pfma8kec	tour de Babel
1483	tm-pfowzklf	carme
1484	tm-pfptrntr	sortie
1485	tm-pfvwqfgm	Terre
1486	tm-pfwxhqgh	envol
1487	tm-pggyeffj	Hébreu
1488	tm-pgx97tn6	unicorne
1489	tm-pgzyblp6	vocation de Gédéon
1490	tm-ph7njvwg	apparition du Christ à saint Pierre
1491	tm-phdwdmwk	saint Matthieu zoomorphe
1492	tm-phfswu6u	cruche
1493	tm-phkeyr8e	Tubalcaïn forgeant
1494	tm-phnfya8u	voyage de retour des mages
1495	tm-phpervcn	violette
1496	tm-phwenfjv	saints fils de sainte Félicité
1497	tm-pj2vs6qt	chevalier
1498	tm-pjq88m87	prophétie de Michée
1499	tm-pjvenf29	côte
1500	tm-pjxdxeau	saint Protais
1501	tm-pkgpl4nf	souci
1502	tm-pknvkipc	Adam et Ève chassés du Paradis terrestre
1503	tm-pkqnaz9x	hybride
1504	tm-plrrtcuh	crochet
1505	tm-pm7mcvwh	Chrétien
1506	tm-pmpdwkyr	échiquier
1507	tm-pmt3deg2	résurrection des morts
1508	tm-pmym9cry	vièle
1509	tm-pn2tbfin	brebis
1510	tm-pnc2dbsh	clocher
1511	tm-pncvvgjc	zodiaque-gémeaux (homme, animal, nature)
1512	tm-pnr4dkws	manticore
1513	tm-pphjzwxj	bénédiction
1514	tm-ppmxbw9k	sainte Euphémie
1515	tm-pqgn9fb8	saint Maurice
1516	tm-pr68kv5v	Abdias
1517	tm-prgdeyj3	pénitence
1518	tm-prh5gc3g	source
1519	tm-prjmrg9o	ange déversant la quatrième coupe de l'Apocalypse
1520	tm-prlabefw	abandon
1521	tm-prtdxcjs	Vincent de Beauvais
1522	tm-ps2fidb3	plantain
1523	tm-pshledhs	Mercure
1524	tm-psjklwg7	souffle
1525	tm-psznhxxa	sainte Radegonde
1526	tm-pt5jeqfn	Gaïus
1527	tm-ptgmqu9z	destruction
1528	tm-ptk66yma	protection
1529	tm-pubsh74k	hyène
1530	tm-pufnyopg	hospitalité d'Abraham
1531	tm-puh3vnfz	Quintilien
1532	tm-pumy2v4z	échasse
1533	tm-pvhuamtf	charité
1534	tm-pvmbpqw4	crucifixion de saint Pierre
1535	tm-pvrabydv	zodiaque-verseau (homme, animal, nature)
1536	tm-px6ptsyt	tentation d'Adam et Ève
1537	tm-pxnkdzwe	procession
1538	tm-pxph757a	mort (thème)
1539	tm-pxr5ebjq	roi d'Aragon
1540	tm-pxrs9cdu	Éole
1541	tm-py2agw8f	saint Célestin V
1542	tm-pyhccf3y	Clytemnestre
1543	tm-pynsvltr	rosée
1544	tm-pyrjjcgo	zodiaque-sagittaire
1545	tm-pz3akbc2	paresse
1546	tm-pz7m22nl	pendaison
1547	tm-pzhshcjd	Trajan
1548	tm-pzvveuq5	planète Mercure
1549	tm-q22nhf2p	faucille
1550	tm-q47bbhwr	cornemuse
1551	tm-q4fqi9ff	fourchette
1552	tm-q4lwlchz	triangle
1553	tm-q6auzs3b	Christ en route pour Jérusalem
1554	tm-q6fackma	hypocrisie
1555	tm-q6honosw	semailles
1556	tm-q7d4yzpk	sacrifice de Noé
1557	tm-q8hp3djf	asphodèle
1558	tm-q8nkkwyn	audition
1559	tm-q8yzjjp3	vendange
1560	tm-q9sen8lk	âges de la vie
1561	tm-qazwkhpo	Christ guérissant un possédé
1562	tm-qbhdr3bt	Orgueil (personnifications et allégories)
1563	tm-qbjx5qyu	constellation-serpentaire
1564	tm-qbnjx8rq	argent
1565	tm-qcxhde3e	fiole
1566	tm-qdg7gdoe	Sénèque
1567	tm-qdkbrrn3	bonacon
1568	tm-qdntfg3n	urine
1569	tm-qdy6tedj	pardon
1570	tm-qepaf9nd	limbes
1571	tm-qg2ybuui	Joseph interprétant le songe de l'échanson
1572	tm-qgljnef5	bronze
1573	tm-qgsqyuyq	gourde
1574	tm-qgychavq	mur
1575	tm-qj2ns7xh	anthropocéphale
1576	tm-qjlemc7n	ânon
1577	tm-qjsxpiad	cueillette
1578	tm-qkcf9yjx	apôtres-12
1579	tm-qkgdmj45	Franchise
1580	tm-qljae7we	Caligula
1581	tm-qlsdfsfp	artisan
1582	tm-qm2fe2bj	Minos
1583	tm-qmfhcsey	ange de Philadelphie
1584	tm-qmvnvruc	sainte Agnès
1585	tm-qmynbf8q	castor
1586	tm-qnqaeczr	avril
1587	tm-qoqzwvqb	Esculape
1588	tm-qpbe4v34	prodige
1589	tm-qpeaedka	Anglais
1590	tm-qpyshudm	armure
1591	tm-qqbcwu7g	Charles V le Sage
1592	tm-qqfxhnu9	Persée
1593	tm-qqmhwl9x	poulailler
1594	tm-qqypkucs	zodiaque-sagittaire (homme, animal, nature)
1595	tm-qr4denut	constellation-andromède
1596	tm-qrfrgnfp	squelette
1597	tm-qru56etn	Soleil (personnifications et allégories)
1598	tm-qsfhtx7w	zodiaque-capricorne (homme, animal, nature)
1599	tm-qsgfmobw	cour
1600	tm-qsshwgdn	saint Ignace
1601	tm-qtizdqpx	repas d'Hérode Antipas
1602	tm-qtjhnfrk	zodiaque-cancer
1603	tm-qtmcccbv	été
1604	tm-qtywv9xs	laïc
1605	tm-quabd8ga	fortification
1606	tm-qucshbfi	étoile
1607	tm-qutvnpc5	champ
1608	tm-quywvim8	Adam et sa descendance
1609	tm-qvdbnedd	Méduse
1610	tm-qvgpkadd	zodiaque-balance
1611	tm-qvyhzg4q	Éphèse
1612	tm-qwmsscbq	air
1613	tm-qwnej9df	Charlemagne
1614	tm-qwrgdn9f	Ninive
1615	tm-qwsfeqbn	gavage
1616	tm-qxzr9siv	foulage
1617	tm-qyaad6kt	Cérès
1618	tm-qymrf9ne	points cardinaux
1619	tm-qyqv38yw	pavement
1620	tm-qzf77xzw	constellation-triangle
1621	tm-qzmrkmuy	ascension des deux témoins de l'Apocalypse
1622	tm-qzog6tfu	prophétie d'Abdias
1623	tm-qzrqzk7j	saint Félix
1624	tm-qzvr7mca	orfèvrerie
1625	tm-r3ewcvq9	onction de Saül par Samuel
1626	tm-r4fjlqmo	bouquetin
1627	tm-r54h4lcs	imposition des mains
1628	tm-r6ahv8te	Mort (personnifications et allégories)
1629	tm-r7xqk8ab	ânesse
1630	tm-r8hvkhb9	coffre
1631	tm-r8jru3yq	archidiacre
1632	tm-r8uedq8r	Innocent IV
1633	tm-r9pgfpve	sainte Barbe
1634	tm-ra7rfucj	saint Adrien
1635	tm-ra9kmksn	mauvais riche
1636	tm-raddv8qc	perdrix
1637	tm-ramxaadu	saint Paul
1638	tm-raszqepq	ordre
1639	tm-raz86kyw	mélancolie
1640	tm-rb732fey	Amalécite
1641	tm-rbahbh2g	vol
1642	tm-rbfayabw	éponge
1643	tm-rbqfwmem	boue
1644	tm-rccuwnyl	couronnement
1645	tm-rcrt3gdr	traction
1646	tm-rd3udgi3	destruction de Jéricho
1647	tm-rd87kvu5	cardinal
1648	tm-rdcaner9	Hélène
1649	tm-reo8pumj	sacrifice d'Abel et Caïn
1650	tm-retmyjyf	vrille
1651	tm-rfafwhkp	mosquée
1652	tm-rfjyc9kx	Colère (personnifications et allégories)
1653	tm-rfthrkth	âme
1654	tm-rfvxdkpn	vieillards de l'Apocalypse adorant Dieu
1655	tm-rgwb9h3s	spectacle
1656	tm-rgz23ajz	pauvre
1657	tm-rhey54cf	Hector
1658	tm-rhpnnqkb	Pharaon envoyant chercher Joseph en prison
1659	tm-rhuulkkh	Christ prêchant sur la montagne
1660	tm-ritjr7hs	paysan
1661	tm-rj7qndgt	mariage de la Vierge et saint Joseph
1662	tm-rjrpb5nj	constellation-bouvier
1663	tm-rjwx97z3	cabane
1664	tm-rk9cwdhw	funérailles
1665	tm-rkczmhup	Anne, mère de Samuel, en prière
1666	tm-rkyigzd7	tortue
1667	tm-rmej6bhw	saint Pierre et saint Paul comparaissant devant Néron
1668	tm-rmocafcw	ordalie
1669	tm-rmxzikfm	hiver
1670	tm-rnfucy5i	Suzanne et les vieillards
1671	tm-rnq6sg2z	Élie faisant descendre le feu divin sur les envoyés d'Ochozias
1672	tm-rnvzxusy	Saül tentant de tuer David
1673	tm-rnzouheu	trident
1674	tm-ro8xzvxt	jardin
1675	tm-ros5h2zh	pilori
1676	tm-rotmgs4p	essorillage
1677	tm-rp2om3tv	saint Maurice d'Agaune tenant un bouclier et une bannière
1678	tm-rp3feh4x	fleur
1679	tm-rpag5yt7	présentation du Christ au temple
1680	tm-rpfmrxad	zodiaque-lion (homme, animal, nature)
1681	tm-rpsuvksn	ange donnant un livre à saint Jean
1682	tm-rpv3m5va	inceste
1683	tm-rqbwk7z6	sainte Élisabeth
1684	tm-rqeybieh	Nahash crevant les yeux des habitants de Yabesh
1685	tm-rqwmqfub	interdiction
1686	tm-rsbrujfx	troubadour
1687	tm-rsfhckym	sainte Daria
1688	tm-rsugwgdq	équerre
1689	tm-rubnv2uh	veau
1690	tm-ruwslvwq	prosternation
1691	tm-ruzfu993	triomphe de Mardochée
1692	tm-rv3awyda	Christ lavant les pieds des apôtres
1693	tm-rvpq2ywl	ange jetant Satan en enfer
1694	tm-rwdp8klp	étuve
1695	tm-rwnkgdft	empereur
1696	tm-rws4mcgh	discorde
1697	tm-rwshbisj	plat
1698	tm-rwyttdk6	invention
1699	tm-rxnvyuh5	prostituée de l'Apocalypse sur le dragon
1700	tm-rxpb2i6w	Angleterre
1701	tm-ry4inem7	moniale
1702	tm-rylvvfvw	saint Léonard
1703	tm-s2nbwr34	poivre
1704	tm-s3fpjjpg	Rébecca
1705	tm-s6eccegt	Médée
1706	tm-s7kseaxd	saint Apollinaire
1707	tm-s8lrbfwa	aile
1708	tm-s9hdy7kp	Jessé
1709	tm-s9jsyqyv	débarquement
1710	tm-sagtrtef	serpe
1711	tm-sah3bcne	banquet d'Assuérus
1712	tm-sbgpzwhn	requête
1713	tm-sbmunxj3	Louis X le Hutin
1714	tm-schq8ksb	voyage
1715	tm-sdcp923y	place
1716	tm-seejkohk	brique
1717	tm-septz6kr	Aliénor d'Aquitaine
1718	tm-sezpqpva	élevage
1719	tm-sf7p9gqm	noces de l'agneau divin
1720	tm-sfaypucb	pied
1721	tm-sfdnw78r	prêtre juif
1722	tm-sfrtbltu	mitre
1723	tm-sfwvgrll	arbalète
1724	tm-sgdxywfz	saint Pierre
1725	tm-sgsqrkgw	première résurrection
1726	tm-shbm5jte	lièvre
1727	tm-sherbt2y	Christ trônant
1728	tm-shiglepn	excommunication
1729	tm-shjurykq	aiguière
1730	tm-siuqxl7t	arithmétique
1731	tm-sj7yhxzo	coupole
1732	tm-sjjzv77s	escalier
1733	tm-sk4f9zj5	cadran solaire
1734	tm-sksizqrt	témoin
1735	tm-slu3ybsn	Joël
1736	tm-slwzjw97	Dalila coupant les cheveux de Samson
1737	tm-slzuy7ve	rossignol
1738	tm-smnd2nxq	Alexandre le Grand
1739	tm-smndxbgh	saint Léger
1740	tm-smvkh2p3	luxure
1741	tm-snfjrf73	vertu
1742	tm-snyihmxp	harpe
1743	tm-soyfpgzg	présentation
1744	tm-spdxtubp	Hécube
1745	tm-sptama6z	inspiration diabolique
1746	tm-sq7sjs5l	glace
1747	tm-sqydxkbw	abattage du cochon
1748	tm-sr6nay6b	prise d'habit
1749	tm-srofwpyt	hermine
1750	tm-srwycs5r	tiare
1751	tm-ss5xwxfs	léopard
1752	tm-ssrd3vfj	sang
1753	tm-sthjqa4x	Judith enivrant Holopherne
1754	tm-stn3bsab	Vieillesse
1755	tm-stwb4gdw	saint Antoine de Padoue
1756	tm-subvzpni	saint Michel
1757	tm-susmnazq	blaireau
1758	tm-sv297fut	cuve
1759	tm-svbmog39	bœuf ailé
1760	tm-svcahr7m	calice
1761	tm-sw7yity5	création d'adam
1762	tm-swhsadnx	plaie d'Égypte : la grêle
1763	tm-sws24mmj	sphère armillaire
1764	tm-swxsjr4p	disciple
1765	tm-sxnxdfha	lumière
1766	tm-sxrufcws	vigne
1767	tm-sy9vvzbm	Vierge montrant sa poitrine au Christ
1768	tm-sybtvdut	Holopherne
1769	tm-syt5vqx9	Achille
1770	tm-sz7srifg	couronne
1771	tm-szmd9g7w	patène
1772	tm-szoa784z	ciseau
1773	tm-szuhgqxd	Christ en gloire entouré de saints
1774	tm-t2g5lcfg	moulin
1775	tm-t2yypeg3	farine
1776	tm-t35y7br4	plantation
1777	tm-t3bmfhze	Saül au tombeau de Rachel
1778	tm-t3eufvzb	parole
1779	tm-t6qzzxxy	tigre
1780	tm-t7tilrqt	captivité
1781	tm-t8sfase7	horloge
1782	tm-t8ulqdme	saint Vital
1783	tm-tamktp4w	gratitude
1784	tm-tbbqwzfn	dominicain
1785	tm-tbt8dlva	rameau
1786	tm-tbtay862	chardonneret
1787	tm-tc3zkk7m	zodiaque-bélier
1788	tm-tccjdj3k	croisade
1789	tm-tcyhlpcy	adoration
1790	tm-tdg3ctxz	abbé
1791	tm-tdjwcr39	saint Antoine
1792	tm-tdpf3bqu	Turpin
1793	tm-tdzwumkz	tonte
1794	tm-tffrgsdp	tribune
1795	tm-tfgpx2cj	saint Pasteur
1796	tm-tfldybdj	cécité
1797	tm-tfxnixb3	reine de Saba
1798	tm-tgktmtko	saint Étienne
1799	tm-tgnqm3vm	canne à pêche
1800	tm-tha8x67q	constellation-corbeau
1801	tm-thfgtqkr	Noir
1802	tm-thuknvfn	Luxure (personnifications et allégories)
1803	tm-tiu5jrky	pair
1804	tm-tjcaixuv	constellation-centaure
1805	tm-tjuc2wu8	Renart
1806	tm-tkbvfl9z	accusation
1807	tm-tkniwkdb	Pépin le Bref
1808	tm-tkpsxzbb	fuite
1809	tm-tlumgeuw	annonce à saint Zacharie
1810	tm-tms7jthj	Proserpine
1811	tm-tmtutvqn	reliquaire
1812	tm-tnq4xi8s	Moïse enfant abandonné sur le Nil
1813	tm-tnqxbyrs	naufrage
1814	tm-tpdfxdrs	sainte Dorothée
1815	tm-tpgljyar	nourrice
1816	tm-tpmufja4	séparation des élus et des damnés
1817	tm-tprdjwil	Juif
1818	tm-tqzrjhte	merle
1819	tm-tr6ebnnx	lézard
1820	tm-tr9cxhoy	échoppe
1821	tm-trjoygm8	Ajax
1822	tm-trnoywes	bêche
1823	tm-trtkzsu5	Égypte
1824	tm-trtnhhdd	roi
1825	tm-tsatancu	Christ marchant sur les eaux
1826	tm-tsotrxi6	jonc
1827	tm-tsrm4f3z	Tobit
1828	tm-ttjsbjyk	Faux Semblant
1829	tm-ttjwcum8	peinture
1830	tm-ttscdv9j	récolte du miel
1831	tm-tuheyaxk	chaussure
1832	tm-tuzvzh69	ascension du Christ
1833	tm-tv8pud56	cygne
1834	tm-tve3eqd6	séraphin
1835	tm-tvxtxobh	tour
1836	tm-twan8yy3	suicide de Saül
1837	tm-twnfftbh	psaume 81 : David musicien
1838	tm-twqkqw5b	plante
1839	tm-tx3ek5sl	épileptique
1840	tm-txfpw7rh	Damas
1841	tm-txhjag8y	rocher
1842	tm-txqgrmxp	Saül et les musiciens
1843	tm-tyc9pjq7	ciseaux
1844	tm-tz5dny5r	marquage
1845	tm-tzpzrgcp	satyre
1846	tm-tztdv5y3	chenille
1847	tm-tztswu2f	constellation-rivière
1848	tm-u3g5sysj	saint Mathias
1849	tm-u3rzwvrc	Élisée séparant les eaux du Jourdain
1850	tm-u3xudkqx	Nahum
1851	tm-u67al8ke	panthère
1852	tm-u7dfzged	grimace
1853	tm-u8jpvmfp	ange déversant la première coupe de l'Apocalypse
1854	tm-u99pqzem	tonneau
1855	tm-u9gfpjqa	Osée et sa femme Gomer
1856	tm-ua5j8atc	étole
1857	tm-uafsiw6b	David ordonnant la mort de l'Amalécite
1858	tm-uaol4xdg	scène de jeu
1859	tm-ubd8gjlv	balai
1860	tm-ubydde4v	roux
1861	tm-ucjtd5aa	siège (conflit)
1862	tm-ud7nglnr	Samson
1863	tm-udbhva9r	Clotaire II
1864	tm-udj5avna	tablette
1865	tm-ue4qs9yo	parabole du semeur
1866	tm-uebcg4rf	enclume
1867	tm-uested9a	figuier
1868	tm-uex8xykc	bête de l'Apocalypse
1869	tm-ufpdajh6	vision
1870	tm-ug6hgazv	onguent
1871	tm-ugyaeiwn	sainte Hélène
1872	tm-uhdsockx	pierre taillée
1873	tm-uhqwuelc	mangeoire
1874	tm-uhsj2yfl	deuxième cavalier de l'Apocalypse
1875	tm-uhvs8d68	tourterelle
1876	tm-uj7alxns	spectateur
1877	tm-ujkqen97	philosophie
1878	tm-ujz8sgwb	blette
1879	tm-uk3zzgrd	homme sauvage
1880	tm-ukyjajye	Christ comparaissant devant Caïphe
1881	tm-ulmund4v	suicide de Judas
1882	tm-uluhcyz9	Julien l'Apostat
1883	tm-um28wcec	souris
1884	tm-umdqguzy	corne (corps humain et animal)
1885	tm-umgyp4zw	bassin
1886	tm-umnnuthn	gril
1887	tm-umptxyou	mages devant Hérode
1888	tm-unb4shvj	controverse de sainte Catherine avec les docteurs d'Alexandrie
1889	tm-unhxvrzx	Saturne
1890	tm-unlhfdrb	renard
1891	tm-untv9mt9	écrasement
1892	tm-untxczsm	armoire
1893	tm-unxcdkhz	Gourmandise (personnifications et allégories)
1894	tm-uoliuysk	saint Cyriaque
1895	tm-uow49nv2	défaite
1896	tm-up8srrns	pape
1897	tm-upeifwdb	Lancelot
1898	tm-upuekbsr	Suzanne
1899	tm-uqk5vuaj	Philosophie (personnifications et allégories)
1900	tm-uqnfdgqd	loup
1901	tm-uqukpknr	convive
1902	tm-uquwzdzu	Satan
1903	tm-ur893cmw	sainte Lucie
1904	tm-urg92xux	Philadelphie
1905	tm-usas6wy3	Ananie
1906	tm-uskwqbl3	Lucifer
1907	tm-ust3uxxz	Didon
1908	tm-ustoeplj	mariage
1909	tm-utd8pves	éperon
1910	tm-uthkbv3c	quatrième cavalier de l'Apocalypse
1911	tm-uuafbndp	trotte-bébé
1912	tm-uudmn4bv	sacre
1913	tm-uutubwxh	panetier
1914	tm-uvguxkzb	archiprêtre
1915	tm-uvxmtovu	saint Joseph
1916	tm-uwmot8d9	David tranchant le manteau de Saül
1917	tm-uwrc8uoz	serpent d'airain
1918	tm-uwufeezu	chute des idoles
1919	tm-uymcqnzc	vinaigre
1920	tm-uymfozgm	enclos
1921	tm-uywmnlsm	Hugues Capet
1922	tm-uz6ikg5o	saint Raphaël
1923	tm-uzhby3qz	parabole du bon Samaritain
1924	tm-uzpmjlvl	Aggée
1925	tm-uztpdeyq	arc
1926	tm-v29clam7	Frédéric II
1927	tm-v2bd93qj	égout
1928	tm-v43sqkrm	langue
1929	tm-v4tpboqn	table
1930	tm-v6mgkzu8	ostriago
1931	tm-v7ba8tcf	martyre des sept frères Maccabée
1932	tm-v7r48int	mariage d'Isaac et Rébecca
1933	tm-v8bntrrp	cordonnerie
1934	tm-v8ew7bef	cheminée
1935	tm-v8j5wkqr	chapiteau
1936	tm-v8qh2cmf	retable
1937	tm-v9cbzehh	prophétie d'Habacuc
1938	tm-va8m9uxx	messe
1939	tm-vaavcvd9	écorchement
1940	tm-vaba7687	médaille
1941	tm-vbazjx7u	chevreuil
1942	tm-vbjdkfiz	dissimulation
1943	tm-vbnbwztr	Oreste
1944	tm-vdencmrw	Ève
1945	tm-veamtbia	stérilité
1946	tm-veb47pde	zodiaque-poisson
1947	tm-ved3q5xd	Christ à la faucille
1948	tm-ven4nq5s	femme de Lot
1949	tm-veuriuen	conseiller
1950	tm-vfnbkjmo	gâteau
1951	tm-vfotne7v	sourd
1952	tm-vfrtxhlp	adoration du veau d'or
1953	tm-vfwzeuc7	bélier
1954	tm-vg6emoxy	maternité
1955	tm-vgdxqlfd	scène de donation
1956	tm-vguva3eu	jonglerie
1957	tm-vhj2urqn	eau
1958	tm-vhw3j6lm	honte
1959	tm-vhwc24gz	zodiaque-taureau (homme, animal, nature)
1960	tm-vjdame7n	saumon
1961	tm-vjs7wjdf	saint Théodore
1962	tm-vjtuzsev	lys
1963	tm-vjusn8qe	entrepôt
1964	tm-vkekjzsk	porte
1965	tm-vktjpg8t	épidémie
1966	tm-vkxz23az	crucifixion
1967	tm-vl6ccqxy	sixième sceau de l'Apocalypse : tremblement de terre, chute des astres
1968	tm-vmxb3wbp	fonts baptismaux
1969	tm-vn53vrox	saint Chrysogone
1970	tm-vn67c2fg	Louis VII le Jeune
1971	tm-vnpstjbd	alphabet
1972	tm-vohy5qjw	berceau
1973	tm-vop9spfg	Elqana
1974	tm-vovh7qzr	Laodicée
1975	tm-vpcl8qwc	désobéissance
1976	tm-vpsapccr	Nabuchodonosor expédiant les trois Hébreux dans la fournaise
1977	tm-vqt6hmle	saint Jean l'aumonier
1978	tm-vr6r7ms3	lamentations de Jérémie
1979	tm-vrmrxarn	Joseph jeté en prison
1980	tm-vrqivy4p	fuite de David
1981	tm-vsabpkkv	Janus
1982	tm-vsnxbepc	viscères
1983	tm-vsymwwdn	Gamaliel
1984	tm-vttwexn2	éventration
1985	tm-vtykax7l	Junon
1986	tm-vu7dhukr	construction de l'arche de Noé
1987	tm-vugxggcu	voleur
1988	tm-vuhgetnj	latrines
1989	tm-vujuvjet	Jéthro
1990	tm-vuwhumma	Joab tuant Abner
1991	tm-vuwpvwpj	agression
1992	tm-vuxh33n5	baron
1993	tm-vvazldfz	dialectique
1994	tm-vvbeimqc	février
1995	tm-vverukbu	Smyrne
1996	tm-vvpa9phe	agriculture
1997	tm-vvtizcut	acolyte
1998	tm-vvylefbu	borne
1999	tm-vwjgwqsn	prudence
2000	tm-vwtmvvfn	cheval
2001	tm-vwxd5clq	sainte Bathilde
2002	tm-vx2bdgtc	sortie d'Égypte
2003	tm-vxnrqoew	scorpion
2004	tm-vxpdqtet	sucre
2005	tm-vxw8ybh7	prison
2006	tm-vy8lqjat	Saül ordonnant le meurtre d'Ahimélek
2007	tm-vyjwxmf5	Paris
2008	tm-vzjkfyss	sacrifice d'Élie
2009	tm-w2ndcvpm	garde
2010	tm-w2oklzex	plaie d'Égypte : mort des premiers-nés
2011	tm-w4ewthpk	possédé
2012	tm-w5223eu7	saint Simon
2013	tm-w5kbvnrz	éclair
2014	tm-w6ekmfzz	épreuve
2015	tm-w6stikgw	sainte Famille revenant d'Égypte
2016	tm-w6uoevcd	courtoisie
2017	tm-w7lp2rnh	entrée
2018	tm-w7yi2eto	scène de généalogie
2019	tm-w7z8afpu	restitution
2020	tm-w8jno94l	saint Mercure
2021	tm-w8ljgfym	Patmos
2022	tm-w9d4swum	foi
2023	tm-wa42chtx	Jérémie
2024	tm-wa93pxwm	béguine
2025	tm-wagdr3al	Aristote
2026	tm-waq6byod	saint Thomas
2027	tm-wb9f8ynf	métier à tisser
2028	tm-wbd5bins	usurier
2029	tm-wbks3r3g	châtaigne
2030	tm-wcfk7zjj	Jourdain
2031	tm-wcfnkn8g	Louis VI le Gros
2032	tm-wcgzzk99	règle
2033	tm-wcpcxfuc	Noé
2034	tm-wctkua6s	aspersion
2035	tm-wdkt6nhv	monnaie
2036	tm-wdxn3qrx	Salomon
2037	tm-we2dvra7	village
2038	tm-wessg6gv	discussion
2039	tm-wf7lxfha	acanthe
2040	tm-wfahufzf	Marsile
2041	tm-wffnwtfs	herbe
2042	tm-wfr89bhj	septième trompette de l'Apocalypse : Arche d'Alliance dans le Temple
2043	tm-wfrvgbha	sainte Marie Cléophas
2044	tm-wfx5c8q6	chanvre
2045	tm-wfzcjcqf	Sodome
2046	tm-whobpcst	circoncision
2047	tm-wjjrzlxh	scène de musique
2048	tm-wjlzmegu	combat entre saint Michel et le dragon de l'Apocalypse
2049	tm-wjnyar6u	main de justice
2050	tm-wjsh26p4	impôt
2051	tm-wkexwfcz	dais
2052	tm-wki7vg7g	dragon de l'Apocalypse
2053	tm-wktqwi7w	Josué
2054	tm-wl56e2kt	sciage
2055	tm-wljqqdtm	saint Basile
2056	tm-wlylblsb	envie
2057	tm-wm29lpvh	lumière-rayon
2058	tm-wmwcnbmj	Pitié
2059	tm-wn5aevpb	ourse
2060	tm-wn7xh6hg	lavement des pieds
2061	tm-wndshtcr	Seth
2062	tm-wnepck6x	outre
2063	tm-wnfugtom	chantre
2064	tm-wnrf83rz	apparition du Christ à sainte Madeleine
2065	tm-woccvqd8	cuisson
2066	tm-wpdwfyie	viol
2067	tm-wpfzbwwb	Sophonie
2068	tm-wpindgtf	panier
2069	tm-wpymmtee	métamorphose
2070	tm-wqg2nktt	ange
2071	tm-wqphufvj	œuf
2072	tm-wqqsqx9h	Jocaste
2073	tm-wr3mxpqf	David pleurant la mort d'Absalom
2074	tm-wrimjwpy	malédiction de Cham
2075	tm-wrkqko2s	Sarra
2076	tm-wsyxarik	métallurgie
2077	tm-wsyyf9tx	constellation-orion
2078	tm-wtnt2nl3	salut
2079	tm-wts5qndd	zodiaque-gémeaux
2080	tm-wtsjtqqv	muselière
2081	tm-wtutgyxg	bras
2082	tm-wuq737iz	vent
2083	tm-wuzzflaw	chariot
2084	tm-wv45hetx	maillet
2085	tm-wvc3gbp6	seau
2086	tm-wvdvqdyk	ver
2087	tm-wvr34e6a	aveuglement
2088	tm-wvu8ryud	jumeau
2089	tm-wvv4u9sw	Tobie rendant la vue à son père
2090	tm-wvx8l4pj	saint Ambroise de Milan
2091	tm-wvzfsjj6	Ruth
2092	tm-wwbsqs3m	troisième cavalier de l'Apocalypse
2093	tm-wwcdeham	Philistins plaçant l'Arche d'Alliance dans leur temple
2094	tm-wwtkivks	repos
2095	tm-wyrjsgnx	rideau
2096	tm-wyxgfajm	Charles II le Chauve
2097	tm-wzp38snl	guérison
2098	tm-wztfpmw4	saint Brice
2099	tm-x29c8b9f	dauphin
2100	tm-x5ocrzpc	naissance de saint Jean-Baptiste
2101	tm-x75xp9np	amazone
2102	tm-x7ksezxx	chartreux
2103	tm-x7vsyub2	Samuel
2104	tm-x9fbmygd	Égyptien
2105	tm-x9lzfhce	bassinoire
2106	tm-xajfmwbe	sainte Marthe
2107	tm-xatrduag	scène de repas
2108	tm-xazqzsnz	espérance
2109	tm-xbkknlg6	comte
2110	tm-xbza6vtn	diacre
2111	tm-xca9flak	sainte Justine d'Antioche
2112	tm-xcdfu4va	Constantinople
2113	tm-xcfklbqt	impie
2114	tm-xcpwpyng	mars
2115	tm-xdexmatp	soin des animaux
2116	tm-xe3aznwj	juste
2117	tm-xealmd2j	prophète
2118	tm-xebscltg	transfiguration
2119	tm-xee5lsy8	Élie
2120	tm-xehvkpyg	mante religieuse
2121	tm-xep5gd5j	Boèce
2122	tm-xfldlnbe	planète Mars
2123	tm-xfrkgdxw	majesté
2124	tm-xfyql7xg	pinceau
2125	tm-xg9uauug	parchemin
2126	tm-xgcrlud8	griffon
2127	tm-xgcwzeff	Christ guérissant un sourd
2128	tm-xgev5kvu	rencontre sur le chemin d'Emmaüs
2129	tm-xgk9rmff	impératrice
2130	tm-xgvygpw5	descente du Christ aux limbes
2131	tm-xhnvflja	Mahalaléel
2132	tm-xhwzu6jw	baiser
2133	tm-xi3k2i2j	fronde
2134	tm-xispmbuy	toilette
2135	tm-xj57wica	frères de Joseph accusés de vol
2136	tm-xj9zsmxn	mages devant l'étoile annonçant la naissance du Christ
2137	tm-xjbac9ue	vautour
2138	tm-xjbdu95b	zodiaque-bélier (homme, animal, nature)
2139	tm-xkkm6swj	autruche
2140	tm-xkznrqz2	Pharaon restituant Sara à Abraham
2141	tm-xmucafnx	Béthanie
2142	tm-xmxfvh27	pierre précieuse
2143	tm-xmz3snk2	prêtre
2144	tm-xnc9shij	cage
2145	tm-xniekuel	colline
2146	tm-xnzx8ts2	Euphrate
2147	tm-xodvv4cc	apparition d'un ange à saint Jean
2148	tm-xp8bg6f5	chute
2149	tm-xpyk7o6q	girouette
2150	tm-xpzwfpjf	malédiction de Caïn
2151	tm-xqasnzip	épervier
2152	tm-xqnmrnvb	cortège
2153	tm-xqrthxrm	soleil (sphère céleste)
2154	tm-xqtyafkj	plaie d'Égypte : les ténèbres
2155	tm-xrqk4cno	sein
2156	tm-xsexmezs	pré
2157	tm-xsg4v2jo	cible
2158	tm-xspqyn7y	Pyrrhus
2159	tm-xt984qhd	Avarice (personnifications et allégories)
2160	tm-xt9rlxzw	Joseph dévoilant son identité à ses frères
2161	tm-xtamfp4z	zoocéphale
2162	tm-xtdk7p5p	marbre
2163	tm-xtkgvidf	Josias
2164	tm-xtsuqzug	Peninna
2165	tm-xubvjemg	Joas
2166	tm-xvgfyfzj	duc
2167	tm-xvme7j5p	verger
2168	tm-xvnxqghc	grotte
2169	tm-xwdatrzl	Melpomène
2170	tm-xwistcfp	Achab
2171	tm-xx97ykdy	danse de Salomé devant Hérode Antipas
2172	tm-xx9rtbsx	annonciation à la Vierge
2173	tm-xxeq2gxp	neige
2174	tm-xxjk2n3h	novembre
2175	tm-xxtjmc65	Méditerranée
2176	tm-xxwblbry	Cerbère
2177	tm-xylpevsj	Pharaon chargeant Joseph de gouverner son royaume
2178	tm-xymlveyj	peste
2179	tm-xyv8x8er	commerce
2180	tm-xyzfqqxp	feuille
2181	tm-xzcsvmuj	chardon
2182	tm-xzlmqjde	Envie (personnifications et allégories)
2183	tm-xzuvhzat	masque
2184	tm-xzwrkcep	crosse
2185	tm-y3dalems	mâchoire
2186	tm-y48hqvsm	calame
2187	tm-y59iwacz	carquois
2188	tm-y5mewbkd	sainte Cécile
2189	tm-y6dzy63x	ruse
2190	tm-y6zehcm4	sculpture
2191	tm-y74e7hxm	Diomède
2192	tm-y84cbbrj	sexe
2193	tm-ya8hi8ku	pluie de manne
2194	tm-yacc4nuc	Christ guérissant une infirme
2195	tm-yazeeos4	palais
2196	tm-yblhqnx2	Dalila
2197	tm-ybp4xffg	constellation-cygne
2198	tm-ybpjembu	Lothaire II
2199	tm-ybrtr73e	combat de Saül et des Ammonites
2200	tm-ycammvkn	Childebert II
2201	tm-ycgpxo5j	crécelle
2202	tm-yd6x55wh	centurion
2203	tm-yd9gfuca	selle
2204	tm-yde2gyx7	Dieu énonçant les dix commandements
2205	tm-yek6kmoa	sanglier
2206	tm-yepcmg4k	Siméon
2207	tm-yeqsgfda	montagne
2208	tm-yfwdmjao	Platon
2209	tm-yfwsnydb	Habaquc
2210	tm-yfyxespc	Apollon
2211	tm-yg72re9g	agneau divin
2212	tm-ygd3ksmu	ouverture
2213	tm-ygrelcdw	psaume 53 : fou devant Dieu
2214	tm-yhcd49fx	duc de Normandie
2215	tm-yhd7dkmq	justice
2216	tm-yi9vsnfo	jeune
2217	tm-yilk7gdn	Esdras
2218	tm-yjcvnnjh	échelle
2219	tm-yjeaz8yy	saint Donat
2220	tm-yjieuxab	arche de Noé
2221	tm-yjmkurkn	annonce aux bergers
2222	tm-ymenrpoz	jugement
2223	tm-ymjmfips	Priam
2224	tm-ymsojy8e	rapace
2225	tm-ynekcucv	Christ guérissant un hydropique
2226	tm-ynrbfvnn	estrade
2227	tm-yopfhpev	famine
2228	tm-yp7umyrf	âne
2229	tm-ypq8dvmf	homosexualité
2230	tm-yptsudib	pèlerin
2231	tm-ypvxf7bx	descente de la Jérusalem céleste
2232	tm-yq7yz6wx	aspic
2233	tm-yqvi3epi	grue
2234	tm-yrkdujps	saint Moïse
2235	tm-yrmytzes	Lot enivré par ses filles
2236	tm-ys34yzrj	descente de croix du Christ
2237	tm-ytecogrk	Neptune
2238	tm-ytphytj3	sept coupes de l'Apocalypse : fléaux
2239	tm-yubremsw	oiseaux dévorant les impies
2240	tm-yvakcef7	Jérusalem
2241	tm-yvbeeq99	cuillère
2242	tm-yvcpkpat	orgue
2243	tm-yvibsb3p	paon
2244	tm-yvjxznxf	parabole des vierges sages et des vierges folles
2245	tm-yvkskj8d	orge
2246	tm-ywslclwf	chevauchée
2247	tm-ywv7tnyl	Lothaire
2248	tm-yxvxtvwo	Dieu entre les sept candélabres
2249	tm-yz4awjp4	épi
2250	tm-yz9y485e	Léviathan
2251	tm-z2agmead	cimetière
2252	tm-z2gym43f	mouche
2253	tm-z2jvsb3i	Christ multipliant les pains et les poissons
2254	tm-z3cam6qb	rencontre de Rébecca et Eliézer
2255	tm-z3j7wtrf	saint Blaise
2256	tm-z4xeu7xc	Gomer
2257	tm-z5cc9sfu	abeille
2258	tm-z78apcet	bouclier
2259	tm-z7yqwjx3	repas
2260	tm-z92bzsw4	caille
2261	tm-z9mwuhfr	acclamation
2262	tm-zaafwetk	vue
2263	tm-zaiuvu3a	lange
2264	tm-zawrqe62	Paradis terrestre
2265	tm-zazdgwyp	joug
2266	tm-zbpxjvww	psaume 98 : chant liturgique
2267	tm-zbx4epnj	Daniel dans la fosse aux lions
2268	tm-zc7sh9qp	combat entre Judas Maccabée et les ennemis d'Israël
2269	tm-zcdwkcdh	anneau
2270	tm-zcsn6tub	saint Grégoire
2271	tm-zcu2yyyx	amputation
2272	tm-zd2nggxq	premier cavalier de l'Apocalypse
2273	tm-zd8ut9ss	Samuel et le prêtre Eli
2274	tm-zdcg2u42	combat
2275	tm-zdmjr6lv	tir
2276	tm-zehoqdvg	marche
2277	tm-zerscgdd	Melchisédec
2278	tm-zf7ytupa	chandelier
2279	tm-zfb9n7ub	résurrection
2280	tm-zffzuawu	sangsue
2281	tm-zfzteado	domptage
2282	tm-zgdxviae	pendaison d'Aman
2283	tm-zgezsf2u	Hérode Antipas
2284	tm-zgwvm9re	chêne
2285	tm-zh6hypif	lapin
2286	tm-zhbujjvw	aveugle
2287	tm-zhh2bw8y	Abishag conduite auprès de David
2288	tm-zipc8ufd	compte
2289	tm-ziyhenmu	saint Jean devant l'ange
2290	tm-zjagkawi	tabernacle
2291	tm-zjmbzphk	saint Germain d'Auxerre
2292	tm-zk5macbs	poisson
2293	tm-zkxfxtrb	onction de David par Samuel
2294	tm-zkyqpuzu	baquet
2295	tm-zlurfuat	crapaud
2296	tm-zmxlame9	ibis
2297	tm-zn7lmvzm	taureau
2298	tm-zn8ypys2	crucifiement du Christ
2299	tm-znft4pby	serrure
2300	tm-znhb2x88	colère
2301	tm-znoukjuk	pluie de cailles
2302	tm-zofxmizy	mariage de David et Mikal
2303	tm-zohgq8kg	pharmacie
2304	tm-zp68q8vd	repentir de David
2305	tm-zp88keab	port
2306	tm-zpskgwqn	magicien
2307	tm-zpykzvd3	colombe
2308	tm-zqfktdpc	planète Saturne
2309	tm-zqsduapn	évangélistes-4 zoomorphes
2310	tm-zqsjhfpk	saint Rémi
2311	tm-zqvupjrf	boulangerie
2312	tm-zqxvmxcw	repas du Christ chez Simon
2313	tm-zrtwrofm	accouplement
2314	tm-zru3et4m	forge
2315	tm-zs8428gj	présentation de la Vierge au temple
2316	tm-ztlnuzcx	castration
2317	tm-zuecdty7	clerc
2318	tm-zuhbjczx	investiture de Juda, premier juge
2319	tm-zup7vei3	écuyer
2320	tm-zuuahrqr	Michée
2321	tm-zuydgyhi	Sarde
2322	tm-zuyr9ztw	cuisine
2323	tm-zwcdxnyc	palme
2324	tm-zx3nw2vk	saint Prote
2325	tm-zxk82hqy	glanage
2326	tm-zxmvxnnw	Joab tuant Absalom
2327	tm-zxq5mwf8	Christ et la Samaritaine
2328	tm-zxqkzyax	viande
2329	tm-zxqxspet	David et son troupeau
2330	tm-zyj8kq2x	victoire de Jephté sur les Ammonites
2331	tm-zzxfrztf	saint Dysmas
2332	tm-zzz4wgez	saint Jean zoomorphe
2333	tm-zzzynnjt	chat
